<?xml version="1.0" encoding="UTF-8"?>
<?oxygen RNGSchema="../schema/flps0.2.rnc" type="compact"?>
<TEI xmlns="http://www.tei-c.org/ns/1.0">
 <teiHeader>
  <fileDesc>
   <titleStmt>
    <title>
     <bibl><title>Revyen</title>,
<date when="1913-10-18">Oct. 18, 1913</date>.
<title level="a">A Jubilee Book</title></bibl>
    </title>
   </titleStmt>
   <publicationStmt>
    <publisher>The Newberry Library</publisher>
    <pubPlace>Chicago, Illinois</pubPlace>
    <address>
     <addrLine>60 West Walton</addrLine>
     <addrLine>Chicago, IL 60610</addrLine>
     <addrLine>USA</addrLine>
     <addrLine>http://www.newberry.org</addrLine>
    </address>
    <idno>5410780_2_0270</idno>
   </publicationStmt>
   <notesStmt>
    <note>Transcribed from digital images contributed to the Internet
                    Archive by the University of Illinois at Urbana-Champaign.</note>
   </notesStmt>
   <sourceDesc>
    <bibl><title>Chicago Foreign Language Press Survey</title>, <date>1936-1941</date>, 
                    <sponsor>Works Projects Administration</sponsor>, 
                    <sponsor>Chicago Public Library Omnibus Project</sponsor></bibl>
    <bibl>
     <title>Chicago Foreign Language Press Survey [microform]</title>
     <sponsor>University of Illinois Urbana-Champaign</sponsor>
     <sponsor>Internet Archive</sponsor>
    </bibl>
   </sourceDesc>
  </fileDesc>
  <encodingDesc>
   <xi:include xmlns:xi="http://www.w3.org/2001/XInclude" href="../schema/flpstaxonomy.xml">
    <xi:fallback>Taxonomy file not found.</xi:fallback>
   </xi:include>
  </encodingDesc>
  <profileDesc>
   <textClass>
    <catRef target="#grp-danish"/>
    <catRef target="#grp-danish #code-II.A.1"/>
    <catRef target="#grp-danish #code-II.B.2.d.3"/>
    <catRef target="#grp-danish #code-III.B.2"/>
    <catRef target="#grp-danish #code-I.C"/>
   </textClass>
  </profileDesc>
  <revisionDesc>
   
   <change when="2012-11-22">Mapped 2010 transcriptions of 5420780_2 images to 5410780_2</change>
  </revisionDesc>
 </teiHeader>
 <text>
  <front>
   <pb facs="5410780_2_0270.jpg" n="1"/>
   <div type="group">
    <list>
     <item>DANISH</item>
    </list>
   </div>
   <div type="codes">
    <list>
     <item>II A 1</item>
     <item>II B 2 d (3)</item>
     <item>III B 2</item>
     <item>I C</item>
    </list>
   </div>
   <div type="citation">
    <bibl><title>Revyen</title>,
<date when="1913-10-18">Oct. 18, 1913</date>.
<title level="a">A JUBILEE BOOK</title></bibl>
   </div>
  </front>
  <body>
   <p>The Scandinavian-American Medical Society of Chicago observed the twenty-fifth anniversary of its founding last August, and has now, in memory of that occasion, published a brief outline of the history of the Society, under the title Silver Jubilee Souvenir.</p>
   <p>The book is written by the popular Dr. B. Meyer, a charter member of the Society. Dr. S. Jacobsen, Dane, was the first president of the Society. Later he went to Denmark where he died in 1895.</p>
   <p>The author honors the memory of the famous Danish surgeon Dr. Christian Fenger who in 1900, two years before his death, became an honorary member of the Society.</p>
   <p>Among the other Danish doctors, who have been active in the Society, is Dr. Svenning Dahl, who in 1909 held the office of president.</p>
   <pb facs="5410780_2_0271.jpg" n="2"/>
   <p>The Danish doctor Carl Nielsen, of the South Side, was elected vice-president last year, and was re-elected this year, while Dr. A. B. Oyen was re-elected president.</p>
  </body>
 </text>
</TEI>
