<?xml version="1.0" encoding="UTF-8"?>
<?oxygen RNGSchema="../schema/flps0.2.rnc" type="compact"?>
<TEI xmlns="http://www.tei-c.org/ns/1.0">
 <teiHeader>
  <fileDesc>
   <titleStmt>
    <title>
     <bibl><title>Revyen</title>,
<date when="1907-10-05">Oct. 5, 1907</date>.
<title level="a">Prof. Marinus Paulsen</title></bibl>
    </title>
   </titleStmt>
   <publicationStmt>
    <publisher>The Newberry Library</publisher>
    <pubPlace>Chicago, Illinois</pubPlace>
    <address>
     <addrLine>60 West Walton</addrLine>
     <addrLine>Chicago, IL 60610</addrLine>
     <addrLine>USA</addrLine>
     <addrLine>http://www.newberry.org</addrLine>
    </address>
    <idno>5410780_2_0540</idno>
   </publicationStmt>
   <notesStmt>
    <note>Transcribed from digital images contributed to the Internet
                    Archive by the University of Illinois at Urbana-Champaign.</note>
   </notesStmt>
   <sourceDesc>
    <bibl><title>Chicago Foreign Language Press Survey</title>, <date>1936-1941</date>, 
                    <sponsor>Works Projects Administration</sponsor>, 
                    <sponsor>Chicago Public Library Omnibus Project</sponsor></bibl>
    <bibl>
     <title>Chicago Foreign Language Press Survey [microform]</title>
     <sponsor>University of Illinois Urbana-Champaign</sponsor>
     <sponsor>Internet Archive</sponsor>
    </bibl>
   </sourceDesc>
  </fileDesc>
  <encodingDesc>
   <xi:include xmlns:xi="http://www.w3.org/2001/XInclude" href="../schema/flpstaxonomy.xml">
    <xi:fallback>Taxonomy file not found.</xi:fallback>
   </xi:include>
  </encodingDesc>
  <profileDesc>
   <textClass>
    <catRef target="#grp-danish"/>
    <catRef target="#grp-danish #code-II.A.3.b"/>
    <catRef target="#grp-danish #code-IV"/>
   </textClass>
  </profileDesc>
  <revisionDesc>
   
   <change when="2012-11-22">Mapped 2010 transcriptions of 5420780_2 images to 5410780_2</change>
  </revisionDesc>
 </teiHeader>
 <text>
  <front>
   <pb facs="5410780_2_0540.jpg" n="1"/>
   <div type="group">
    <list>
     <item>DANISH</item>
    </list>
   </div>
   <div type="codes">
    <list>
     <item>II A 3 b</item>
     <item>IV</item>
    </list>
   </div>
   <div type="citation">
    <bibl><title>Revyen</title>,
<date when="1907-10-05">Oct. 5, 1907</date>.
<title level="a">PROF. MARINUS PAULSEN</title></bibl>
   </div>
  </front>
  <body>
   <p>Professor Marinus Paulsen, accompanied by Mrs. Paulsen, arrived on schedule last Tuesday from his trip abroad, obviously refreshed in more than one way Professor Paulsen says he has been greatly benefited by his musical studies for which he had an opportunity, although limited, while in Europe. He remembers orchestra leader Anton Svendsen, in particular, as a good teacher. Although urged strongly on several occasions, Professor Paulsen did not find time to arrange concerts in large cities in Denmark, until he reached the hoe-town of his parents in the vicinity of Aalborg, from whence he himself had departed at the age of four. Here he had to give a concert, and the village hall was packed to capacity with an audience listening in awe, to Professor Paulsen's musical performance.</p>
   <p>Professor Paulsen is going right away to work as a teacher at the Musical College of Fort Wayne, Ind., and conductor of the Danish choruses in Chicago. If he can spare the time he will accept an engagement with the Central Conservatory <pb facs="5410780_2_0541.jpg" n="2"/>of Music located in Chicago. Recently this institution appointed Miss Clara Jensen as a vocal teacher.</p>
  </body>
 </text>
</TEI>
