<?xml version="1.0" encoding="UTF-8"?>
<?oxygen RNGSchema="../schema/flps0.2.rnc" type="compact"?>
<TEI xmlns="http://www.tei-c.org/ns/1.0">
 <teiHeader>
  <fileDesc>
   <titleStmt>
    <title>
     <bibl><title>Revyen</title>,
<date when="1917-06-02">June 2, 1917</date>.
<title level="a">With the President</title><title level="a" type="sub">For Freedom and Democracy (Editorial)</title></bibl>
    </title>
   </titleStmt>
   <publicationStmt>
    <publisher>The Newberry Library</publisher>
    <pubPlace>Chicago, Illinois</pubPlace>
    <address>
     <addrLine>60 West Walton</addrLine>
     <addrLine>Chicago, IL 60610</addrLine>
     <addrLine>USA</addrLine>
     <addrLine>http://www.newberry.org</addrLine>
    </address>
    <idno>5410780_2_0067</idno>
   </publicationStmt>
   <notesStmt>
    <note>Transcribed from digital images contributed to the Internet
                    Archive by the University of Illinois at Urbana-Champaign.</note>
   </notesStmt>
   <sourceDesc>
    <bibl><title>Chicago Foreign Language Press Survey</title>, <date>1936-1941</date>, 
                    <sponsor>Works Projects Administration</sponsor>, 
                    <sponsor>Chicago Public Library Omnibus Project</sponsor></bibl>
    <bibl>
     <title>Chicago Foreign Language Press Survey [microform]</title>
     <sponsor>University of Illinois Urbana-Champaign</sponsor>
     <sponsor>Internet Archive</sponsor>
    </bibl>
   </sourceDesc>
  </fileDesc>
  <encodingDesc>
   <xi:include xmlns:xi="http://www.w3.org/2001/XInclude" href="../schema/flpstaxonomy.xml">
    <xi:fallback>Taxonomy file not found.</xi:fallback>
   </xi:include>
  </encodingDesc>
  <profileDesc>
   <textClass>
    <catRef target="#grp-danish"/>
    <catRef target="#grp-danish #code-I.G"/>
   </textClass>
  </profileDesc>
  <revisionDesc>
   
   <change when="2012-11-22">Mapped 2010 transcriptions of 5420780_2 images to 5410780_2</change>
  </revisionDesc>
 </teiHeader>
 <text>
  <front>
   <pb facs="5410780_2_0067.jpg" n="1"/>
   <div type="group">
    <list>
     <item>DANISH</item>
    </list>
   </div>
   <div type="codes">
    <list>
     <item>I G</item>
    </list>
   </div>
   <div type="citation">
    <bibl><title>Revyen</title>,
<date when="1917-06-02">June 2, 1917</date>.
<title level="a">WITH THE PRESIDENT</title><title level="a" type="sub">For Freedom and Democracy (Editorial)</title></bibl>
   </div>
  </front>
  <body>
   <p>The following resolution was adopted by the American Association of Foreign Language newspapers, dated May 12, and personally sent to President Wilson by the president, Louis Hammerling:</p>
   <p>To the President of the United States:</p>
   <p>We, the undersigned publishers of American Foreign Language newspapers, circulating among eighteen millions of people, who have left their native lands to enjoy the blessing of citizenship in the United States, knowing full well what is in the hearts of these people, assure you, Mr. President, that <pb facs="5410780_2_0068.jpg" n="2"/>they cordially welcome the opportunity now offered them, in common with their fellow Americans, to assist the enlightened citizenship of other nations in establishing more firmly throughout the world the great principles of democracy. They are proud of having contributed in a considerable measure to the agricultural, industrial, and commercial greatness of the United States, the benefits of whose prosperity they have shared. They are anxious to show their gratitude to the land of their adoption, and their complete loyalty to its government by making such sacrifices as may be properly expected at this time from all true patriots. They are willing and eager to offer themselves, according to their qualifications, for military duty, or employment in field and factory, or for other service, with the object of helping as far as they can to uphold your hands in the present crisis. They will cheerfully contribute from their resources in the fullest possible manner to meet the extraordinary financial needs of the government, <pb facs="5410780_2_0069.jpg" n="3"/>and in all other ways will earnestly cooperate to maintain the country's honor, and to insure triumph of a cause that is destined to bring about a lasting international peace.</p>
  </body>
 </text>
</TEI>
