<?xml version="1.0" encoding="UTF-8"?>
<?oxygen RNGSchema="../schema/flps0.2.rnc" type="compact"?>
<TEI xmlns="http://www.tei-c.org/ns/1.0">
 <teiHeader>
  <fileDesc>
   <titleStmt>
    <title>
     <bibl><title>Revyen</title>,
<date when="1911-12-09">Dec. 9, 1911</date>.
<title level="a">Miss Gerda Henius</title>.

        </bibl>
    </title>
   </titleStmt>
   <publicationStmt>
    <publisher>The Newberry Library</publisher>
    <pubPlace>Chicago, Illinois</pubPlace>
    <address>
     <addrLine>60 West Walton</addrLine>
     <addrLine>Chicago, IL 60610</addrLine>
     <addrLine>USA</addrLine>
     <addrLine>http://www.newberry.org</addrLine>
    </address>
    <idno>5410780_2_0630</idno>
   </publicationStmt>
   <notesStmt>
    <note>Transcribed from digital images contributed to the Internet
                    Archive by the University of Illinois at Urbana-Champaign.</note>
   </notesStmt>
   <sourceDesc>
    <bibl><title>Chicago Foreign Language Press Survey</title>, <date>1936-1941</date>, 
                    <sponsor>Works Projects Administration</sponsor>, 
                    <sponsor>Chicago Public Library Omnibus Project</sponsor></bibl>
    <bibl>
     <title>Chicago Foreign Language Press Survey [microform]</title>
     <sponsor>University of Illinois Urbana-Champaign</sponsor>
     <sponsor>Internet Archive</sponsor>
    </bibl>
   </sourceDesc>
  </fileDesc>
  <encodingDesc>
   <xi:include xmlns:xi="http://www.w3.org/2001/XInclude" href="../schema/flpstaxonomy.xml">
    <xi:fallback>Taxonomy file not found.</xi:fallback>
   </xi:include>
  </encodingDesc>
  <profileDesc>
   <textClass>
    <catRef target="#grp-danish"/>
    <catRef target="#grp-danish #code-II.A.3.d.1"/>
    <catRef target="#grp-danish #code-IV"/>
   </textClass>
  </profileDesc>
  <revisionDesc>
   
   <change when="2012-11-22">Mapped 2010 transcriptions of 5420780_2 images to 5410780_2</change>
  </revisionDesc>
 </teiHeader>
 <text>
  <front>
   <pb facs="5410780_2_0630.jpg" n="1"/>
   <div type="group">
    <list>
     <item>DANISH</item>
    </list>
   </div>
   <div type="codes">
    <list>
     <item>II A 3 d (1)</item>
     <item>IV</item>
    </list>
   </div>
   <div type="citation">
    <bibl><title>Revyen</title>,
<date when="1911-12-09">Dec. 9, 1911</date>.
<title level="a">MISS GERDA HENIUS</title>.
</bibl>
   </div>
  </front>
  <body>
   <p>p. 2.. It can certainly be said without any exaggeration that no modern actress has reached the top of her profession quicker than Miss Gerda, Dr. and Mrs. Henius' young, beautiful daughter.</p>
   <p>In the large cities of the East, Boston, Philadelphia, etc. Miss Henius has had an astounding success as the leading lady in "The Round-up." Her company is not coming to Chicago and the new "star" is to be pressented at a number of performances at McVickers Theatre. Her Chicago debut takes place December 18th. Will our young country-woman have the Chicago critics and public at her feet? We don't doubt that she will, and her debut performance is certain to be a most remarkable event.</p>
   <p>It is, of course, of particular interest to Chicago Danes, who remember her from the time when her beautiful voice entertained them at gatherings in the Danish colony, and as many of us as possibly can will wish to be present at McVickers Theatre on the evening of December 18th.</p>
  </body>
 </text>
</TEI>
