<?xml version="1.0" encoding="UTF-8"?>
<?oxygen RNGSchema="../schema/flps0.2.rnc" type="compact"?>
<TEI xmlns="http://www.tei-c.org/ns/1.0">
 <teiHeader>
  <fileDesc>
   <titleStmt>
    <title>
     <bibl><title>Revyen</title>,
<date when="1901-09-28">Sept. 28, 1901</date>.
<title level="a">[Volkmar Johnsen]</title></bibl>
    </title>
   </titleStmt>
   <publicationStmt>
    <publisher>The Newberry Library</publisher>
    <pubPlace>Chicago, Illinois</pubPlace>
    <address>
     <addrLine>60 West Walton</addrLine>
     <addrLine>Chicago, IL 60610</addrLine>
     <addrLine>USA</addrLine>
     <addrLine>http://www.newberry.org</addrLine>
    </address>
    <idno>5410780_2_0549</idno>
   </publicationStmt>
   <notesStmt>
    <note>Transcribed from digital images contributed to the Internet
                    Archive by the University of Illinois at Urbana-Champaign.</note>
   </notesStmt>
   <sourceDesc>
    <bibl><title>Chicago Foreign Language Press Survey</title>, <date>1936-1941</date>, 
                    <sponsor>Works Projects Administration</sponsor>, 
                    <sponsor>Chicago Public Library Omnibus Project</sponsor></bibl>
    <bibl>
     <title>Chicago Foreign Language Press Survey [microform]</title>
     <sponsor>University of Illinois Urbana-Champaign</sponsor>
     <sponsor>Internet Archive</sponsor>
    </bibl>
   </sourceDesc>
  </fileDesc>
  <encodingDesc>
   <xi:include xmlns:xi="http://www.w3.org/2001/XInclude" href="../schema/flpstaxonomy.xml">
    <xi:fallback>Taxonomy file not found.</xi:fallback>
   </xi:include>
  </encodingDesc>
  <profileDesc>
   <textClass>
    <catRef target="#grp-danish"/>
    <catRef target="#grp-danish #code-II.A.3.b"/>
    <catRef target="#grp-danish #code-II.B.1.c.1"/>
    <catRef target="#grp-danish #code-II.B.2.d.1"/>
    <catRef target="#grp-danish #code-IV"/>
   </textClass>
  </profileDesc>
  <revisionDesc>
   
   <change when="2012-11-22">Mapped 2010 transcriptions of 5420780_2 images to 5410780_2</change>
  </revisionDesc>
 </teiHeader>
 <text>
  <front>
   <pb facs="5410780_2_0549.jpg" n="1"/>
   <div type="group">
    <list>
     <item>DANISH</item>
    </list>
   </div>
   <div type="codes">
    <list>
     <item>II A 3 b</item>
     <item>II B 1 c (1)</item>
     <item>II B 2 d (1)</item>
     <item>IV</item>
    </list>
   </div>
   <div type="citation">
    <bibl><title>Revyen</title>,
<date when="1901-09-28">Sept. 28, 1901</date>.
<title level="a">[VOLKMAR JOHNSEN]</title></bibl>
   </div>
  </front>
  <body>
   <p>Volkmar Johnsen, Danish author and composer, has for more than a generation been a well-known figure in Danish social life in Chicago. He was famous for his wit and sarcasm, and for years no party was complete without his presence or a poem or two from his pen. He was also very active in all amateur plays in the colony.</p>
   <p>All of a sudden he started to be a business man and began as a salesman for a piano firm. For several years he ran a tobacco and music store on Milwaukee Avenue. Later he moved his store to Western Avenue, near Peter Madsen Lagoni. Here he published for half a year his little paper: Ha! Ha! but he soon became tired of the paper, and Mr. Chr. Botker took it over and started a Danish paper under the name of Revyen.</p>
   <pb facs="5410780_2_0550.jpg" n="2"/>
   <p>Mr. V. Johnsen later started as teacher of music, and composer and publisher of music on Madison Street. He has invented the Gypsy system of music for self-instruction.</p>
   <p>(There is a good picture of Mr. V. Johnsen in the text) J. E.</p>
  </body>
 </text>
</TEI>
