<?xml version="1.0" encoding="UTF-8"?>
<?oxygen RNGSchema="../schema/flps0.2.rnc" type="compact"?>
<TEI xmlns="http://www.tei-c.org/ns/1.0">
 <teiHeader>
  <fileDesc>
   <titleStmt>
    <title>
     <bibl><title>Revyen</title>,
<date when="1915-10-23">Oct. 23, 1915</date>.
<title level="a">The War Trust</title></bibl>
    </title>
   </titleStmt>
   <publicationStmt>
    <publisher>The Newberry Library</publisher>
    <pubPlace>Chicago, Illinois</pubPlace>
    <address>
     <addrLine>60 West Walton</addrLine>
     <addrLine>Chicago, IL 60610</addrLine>
     <addrLine>USA</addrLine>
     <addrLine>http://www.newberry.org</addrLine>
    </address>
    <idno>5410780_2_0074</idno>
   </publicationStmt>
   <notesStmt>
    <note>Transcribed from digital images contributed to the Internet
                    Archive by the University of Illinois at Urbana-Champaign.</note>
   </notesStmt>
   <sourceDesc>
    <bibl><title>Chicago Foreign Language Press Survey</title>, <date>1936-1941</date>, 
                    <sponsor>Works Projects Administration</sponsor>, 
                    <sponsor>Chicago Public Library Omnibus Project</sponsor></bibl>
    <bibl>
     <title>Chicago Foreign Language Press Survey [microform]</title>
     <sponsor>University of Illinois Urbana-Champaign</sponsor>
     <sponsor>Internet Archive</sponsor>
    </bibl>
   </sourceDesc>
  </fileDesc>
  <encodingDesc>
   <xi:include xmlns:xi="http://www.w3.org/2001/XInclude" href="../schema/flpstaxonomy.xml">
    <xi:fallback>Taxonomy file not found.</xi:fallback>
   </xi:include>
  </encodingDesc>
  <profileDesc>
   <textClass>
    <catRef target="#grp-danish"/>
    <catRef target="#grp-danish #code-I.G"/>
    <catRef target="#grp-danish #code-I.D.1.a"/>
    <catRef target="#grp-danish #code-I.C"/>
   </textClass>
  </profileDesc>
  <revisionDesc>
   
   <change when="2012-11-22">Mapped 2010 transcriptions of 5420780_2 images to 5410780_2</change>
  </revisionDesc>
 </teiHeader>
 <text>
  <front>
   <pb facs="5410780_2_0074.jpg" n="1"/>
   <div type="group">
    <list>
     <item>DANISH</item>
    </list>
   </div>
   <div type="codes">
    <list>
     <item>I G</item>
     <item>I D 1 a</item>
     <item>I C</item>
    </list>
   </div>
   <div type="citation">
    <bibl><title>Revyen</title>,
<date when="1915-10-23">Oct. 23, 1915</date>.
<title level="a">THE WAR TRUST</title></bibl>
   </div>
  </front>
  <body>
   <p>"The only thing that the international war trust has to fear on the score of reduction of profits is the limit of the ability of men, women, and children to keep on paying the ever-increasing per capita tax in the form of higher prices for foodstuff and wearing apparel," says Congressman Clyde H. Tavenner in a recent article on the world-wide war trust. This is certainly a bright prospect for the armor, powder, battleship, and ammunition trusts. But for the taxpayers, the prospects are not so bright.</p>
   <p>If taxpayers of the world want to escape being forced to pay higher taxes until they get so high they simply can not pay them, there is but one thing to do, and that is for the people of all the nations to insist that their governments manufacture their own munitions of war.</p>
   <p>If the millionaire and multimillionaire war-trust magnates cannot make huge <pb facs="5410780_2_0075.jpg" n="2"/>profits in supplying armor, guns, powder, and battleships, they will take the same attitude toward the wasting of public funds that the rest of us do.</p>
  </body>
 </text>
</TEI>
