<?xml version="1.0" encoding="UTF-8"?>
<?oxygen RNGSchema="../schema/flps0.2.rnc" type="compact"?>
<TEI xmlns="http://www.tei-c.org/ns/1.0">
 <teiHeader>
  <fileDesc>
   <titleStmt>
    <title>
     <bibl><title>Revyen</title>,
<date when="1912-12-14">Dec. 14, 1912</date>.

        </bibl>
    </title>
   </titleStmt>
   <publicationStmt>
    <publisher>The Newberry Library</publisher>
    <pubPlace>Chicago, Illinois</pubPlace>
    <address>
     <addrLine>60 West Walton</addrLine>
     <addrLine>Chicago, IL 60610</addrLine>
     <addrLine>USA</addrLine>
     <addrLine>http://www.newberry.org</addrLine>
    </address>
    <idno>5410780_2_0592</idno>
   </publicationStmt>
   <notesStmt>
    <note>Transcribed from digital images contributed to the Internet
                    Archive by the University of Illinois at Urbana-Champaign.</note>
   </notesStmt>
   <sourceDesc>
    <bibl><title>Chicago Foreign Language Press Survey</title>, <date>1936-1941</date>, 
                    <sponsor>Works Projects Administration</sponsor>, 
                    <sponsor>Chicago Public Library Omnibus Project</sponsor></bibl>
    <bibl>
     <title>Chicago Foreign Language Press Survey [microform]</title>
     <sponsor>University of Illinois Urbana-Champaign</sponsor>
     <sponsor>Internet Archive</sponsor>
    </bibl>
   </sourceDesc>
  </fileDesc>
  <encodingDesc>
   <xi:include xmlns:xi="http://www.w3.org/2001/XInclude" href="../schema/flpstaxonomy.xml">
    <xi:fallback>Taxonomy file not found.</xi:fallback>
   </xi:include>
  </encodingDesc>
  <profileDesc>
   <textClass>
    <catRef target="#grp-danish"/>
    <catRef target="#grp-norwegian #code-II.A.3.c"/>
    <catRef target="#grp-swedish #code-II.A.3.c"/>
   </textClass>
  </profileDesc>
  <revisionDesc>
   
   <change when="2012-11-22">Mapped 2010 transcriptions of 5420780_2 images to 5410780_2</change>
  </revisionDesc>
 </teiHeader>
 <text>
  <front>
   <pb facs="5410780_2_0592.jpg" n="1"/>
   <div type="group">
    <list>
     <item>DANISH</item>
    </list>
   </div>
   <div type="codes">
    <list>
     <item>II A 3 c (Norwegian, Swedish)</item>
    </list>
   </div>
   <div type="citation">
    <bibl><title>Revyen</title>,
<date when="1912-12-14">Dec. 14, 1912</date>.
</bibl>
   </div>
  </front>
  <body>
   <p>The Scandinavian Art Exhibit was opened here last Monday by Mayor Gaynor, in the presence of the Scandinavian envoys and consuls and some 1,500 Americans and Scandinavians.</p>
   <p>The paintings are causing considerable excitement in American Art circles, due to their originality and because they represent a school which is rather unknown in this country.</p>
   <p>Among the Danes, Willumsen and Hammershoj seemed to be the objects of the most admiring comments.</p>
   <p>Munch and Lund were the favorite Norwegians, causing heated artistic arguments pro and con, while all the Swedish painters from Lorn and Prince Eugen to Hesselbom already are accepted in the "best" artistic society.</p>
   <pb facs="5410780_2_0593.jpg" n="2"/>
   <p>American art collectors and galleries will undoubtedly take advantage of this opportunity to buy representative Scandinavian art, and we hope that the Chicago Art Institute, which already has two Lorns, will see fit to add to its Scandinavian collection. We particularly recommend Willumsen and Lund.</p>
  </body>
 </text>
</TEI>
