<?xml version="1.0" encoding="UTF-8"?>
<?oxygen RNGSchema="../schema/flps0.2.rnc" type="compact"?>
<TEI xmlns="http://www.tei-c.org/ns/1.0">
 <teiHeader>
  <fileDesc>
   <titleStmt>
    <title>
     <bibl><title>Scandia</title>,
<date when="1918-09-28">Sept. 28, 1918</date>.
<title level="a">The Bjornskjold Concert</title></bibl>
    </title>
   </titleStmt>
   <publicationStmt>
    <publisher>The Newberry Library</publisher>
    <pubPlace>Chicago, Illinois</pubPlace>
    <address>
     <addrLine>60 West Walton</addrLine>
     <addrLine>Chicago, IL 60610</addrLine>
     <addrLine>USA</addrLine>
     <addrLine>http://www.newberry.org</addrLine>
    </address>
    <idno>5410780_2_0497</idno>
   </publicationStmt>
   <notesStmt>
    <note>Transcribed from digital images contributed to the Internet
                    Archive by the University of Illinois at Urbana-Champaign.</note>
   </notesStmt>
   <sourceDesc>
    <bibl><title>Chicago Foreign Language Press Survey</title>, <date>1936-1941</date>, 
                    <sponsor>Works Projects Administration</sponsor>, 
                    <sponsor>Chicago Public Library Omnibus Project</sponsor></bibl>
    <bibl>
     <title>Chicago Foreign Language Press Survey [microform]</title>
     <sponsor>University of Illinois Urbana-Champaign</sponsor>
     <sponsor>Internet Archive</sponsor>
    </bibl>
   </sourceDesc>
  </fileDesc>
  <encodingDesc>
   <xi:include xmlns:xi="http://www.w3.org/2001/XInclude" href="../schema/flpstaxonomy.xml">
    <xi:fallback>Taxonomy file not found.</xi:fallback>
   </xi:include>
  </encodingDesc>
  <profileDesc>
   <textClass>
    <catRef target="#grp-danish"/>
    <catRef target="#grp-danish #code-II.A.3.b"/>
    <catRef target="#grp-danish #code-II.D.10"/>
    <catRef target="#grp-danish #code-I.G"/>
    <catRef target="#grp-danish #code-IV"/>
   </textClass>
  </profileDesc>
  <revisionDesc>
   
   <change when="2012-11-22">Mapped 2010 transcriptions of 5420780_2 images to 5410780_2</change>
  </revisionDesc>
 </teiHeader>
 <text>
  <front>
   <pb facs="5410780_2_0497.jpg" n="1"/>
   <div type="group">
    <list>
     <item>DANISH</item>
    </list>
   </div>
   <div type="codes">
    <list>
     <item>II A 3 b</item>
     <item>II D 10</item>
     <item>I G</item>
     <item>IV</item>
    </list>
   </div>
   <div type="citation">
    <bibl><title>Scandia</title>,
<date when="1918-09-28">Sept. 28, 1918</date>.
<title level="a">THE BJORNSKJOLD CONCERT</title></bibl>
   </div>
  </front>
  <body>
   <p>The Poul Bjornskjold concert last Sunday at Dania Hall was one of the best that we have heard in years.</p>
   <p>The concert was given under the auspices of the Dania Ladies' Society's Soldiers' Welfare Committee. The proceeds are to go to the Soldiers' Fund.</p>
   <p>The program was as follows:</p>
   <p>Part I</p>
   <table>
    <row>
     <cell>1. March - Marine Trumpeter</cell>
     <cell>Ole Nielsen</cell>
    </row>
    <row>
     <cell>2. Overture, "Light Cavalry"</cell>
     <cell>Suppe. Ole Nielsen's Orchestra</cell>
    </row>
    <row>
     <cell>3. a)"Rosalil Og Henes Moder" [Rosalie and Her Mother]</cell>
     <cell>Danish Folk Song</cell>
    </row>
    <row>
     <cell>b) "Agnete Og Havmanden"(Agnete and the Merman)</cell>
     <cell>Danish Folk Song</cell>
    </row>
   </table>
   <pb facs="5410780_2_0498.jpg" n="2"/>
   <table>
    <row>
     <cell>c)  "De Vog Dem, Vi Groy Dem" (Song of Schleswig)</cell>
     <cell>N.P. Hillebrandt Poul Bjornskjold</cell>
    </row>
    <row>
     <cell>4. Violin Sole, "Serenade"</cell>
     <cell>Drola Dr. T. S. Christensen</cell>
    </row>
    <row>
     <cell>5. Minuet Number Two in G</cell>
     <cell>Beethoven Orchestra</cell>
    </row>
   </table>
   <p>Part II</p>
   <table>
    <row>
     <cell>6. "Fantasia"--Opera Themes</cell>
     <cell>Tabani Orchestan</cell>
    </row>
    <row>
     <cell>7. a)"Flower Aria" from "Carmen"</cell>
     <cell>Sizet</cell>
    </row>
    <row>
     <cell>b) Selection from the Opera "Tosca"</cell>
     <cell>Puccini Poul Bjornskjold</cell>
    </row>
    <row>
     <cell>8. Cello Solo, "Romance"</cell>
     <cell>Saint-Saens</cell>
    </row>
    <row>
     <cell>9. "Solveig's Song"</cell>
     <cell>Grieg</cell>
    </row>
   </table>
   <pb facs="5410780_2_0499.jpg" n="3"/>
   <p>Intermission</p>
   <p>Part III</p>
   <p>10. Selections from "Elverhog" Kuhlan ("Hunters' Chorus"--Mennuetto"--"Dance of the Elves")</p>
   <p>Orchestra</p>
   <table>
    <row>
     <cell>11. a) Little Ole</cell>
     <cell>Jacobsen</cell>
    </row>
    <row>
     <cell>b) Selection</cell>
     <cell>Peekam</cell>
    </row>
    <row>
     <cell>c) Selection</cell>
     <cell>Gade</cell>
    </row>
   </table>
   <p>Paul Bjornskjold</p>
   <table>
    <row>
     <cell>12. Soldier's Return</cell>
     <cell>Dalby</cell>
    </row>
   </table>
   <p>Orchestra</p>
  </body>
 </text>
</TEI>
