<?xml version="1.0" encoding="UTF-8"?>
<?oxygen RNGSchema="../schema/flps0.2.rnc" type="compact"?>
<TEI xmlns="http://www.tei-c.org/ns/1.0">
 <teiHeader>
  <fileDesc>
   <titleStmt>
    <title>
     <bibl><title level="a">Danish National Committee, the Danish Singers</title>, <title>World's Fair Year Book</title>,
<date when="1933">1933</date>, p. 71.
<title level="a">[Danish and the World's Fair]</title></bibl>
    </title>
   </titleStmt>
   <publicationStmt>
    <publisher>The Newberry Library</publisher>
    <pubPlace>Chicago, Illinois</pubPlace>
    <address>
     <addrLine>60 West Walton</addrLine>
     <addrLine>Chicago, IL 60610</addrLine>
     <addrLine>USA</addrLine>
     <addrLine>http://www.newberry.org</addrLine>
    </address>
    <idno>5410780_2_0671</idno>
   </publicationStmt>
   <notesStmt>
    <note>Transcribed from digital images contributed to the Internet
                    Archive by the University of Illinois at Urbana-Champaign.</note>
   </notesStmt>
   <sourceDesc>
    <bibl><title>Chicago Foreign Language Press Survey</title>, <date>1936-1941</date>, 
                    <sponsor>Works Projects Administration</sponsor>, 
                    <sponsor>Chicago Public Library Omnibus Project</sponsor></bibl>
    <bibl>
     <title>Chicago Foreign Language Press Survey [microform]</title>
     <sponsor>University of Illinois Urbana-Champaign</sponsor>
     <sponsor>Internet Archive</sponsor>
    </bibl>
   </sourceDesc>
  </fileDesc>
  <encodingDesc>
   <xi:include xmlns:xi="http://www.w3.org/2001/XInclude" href="../schema/flpstaxonomy.xml">
    <xi:fallback>Taxonomy file not found.</xi:fallback>
   </xi:include>
  </encodingDesc>
  <profileDesc>
   <textClass>
    <catRef target="#grp-danish"/>
    <catRef target="#grp-danish #code-II.B.1.a"/>
    <catRef target="#grp-danish #code-II.B.1.c.3"/>
   </textClass>
  </profileDesc>
  <revisionDesc>
   
   <change when="2012-11-22">Mapped 2010 transcriptions of 5420780_2 images to 5410780_2</change>
  </revisionDesc>
 </teiHeader>
 <text>
  <front>
   <pb facs="5410780_2_0671.jpg" n="1"/>
   <div type="group">
    <list>
     <item>DANISH</item>
    </list>
   </div>
   <div type="codes">
    <list>
     <item>II B 1 a</item>
     <item>II B 1 c (3)</item>
    </list>
   </div>
   <div type="citation">
    <bibl><title level="a">Danish National Committee, The Danish Singers</title>, <title>World's Fair Year Book</title>,
<date when="1933">1933</date>, p. 71.
<title level="a">[DANISH AND THE WORLD'S FAIR]</title></bibl>
   </div>
  </front>
  <body>
   <p>Every immigrant that ever landed on the shores of this, our great adopted country, brought with him a sacred gift from the mother-land, namely song.</p>
   <p>A gift that, like Aladding's Lamo. brings back to us the sweetest memories from childhood with mother's lullaby, memories from youth and growing manhood, memories of a nightingale's song on s moonlit night, memories of the great traditions of the mother-land, and memories from field and fjord.</p>
   <p>We are not all singers, but we all possess that wonderful gift. Deep down in our hearts it is stored away and when we near those songs of yore it creeps up and brings out the emotions, and with a tear in our eye we welcome the flood of memories. Through this deeper meaning we learn to understand and appreciate all that the mother-land has done for us in preparing us to become good and useful citizens of this, our new country.</p>
   <p>The Danish Singers' League has arranged a program to be sung on "Denmark's Day" on the World's Fair Grounds on June 21st. In this program we find a beautiful selection of old Danish songs that we all know and love, such as <pb facs="5410780_2_0672.jpg" n="2"/>"I Denmark er jeg fodt," "Der er et yndigt Land," "Den visne Viol," "Hedeblomsten," "Wit fagre Hjem," and the more impressive works "Nordens Folkeand" and "Volmerslaget," and other American and Danish songs.</p>
   <p>The Danish Singers League held its first big Singers' festival in Chicago in 1922 with a concert in Orchestra Hall, assisted by Reinald Werrenrath as soloist, and Chicago Symphony Orchestra, directed by Carl Busch. Since that time we have held some very successful Singers Festivals in Kenosha, Detroit and Chicago. The Danish Singers League embraces the following Singing Societies;</p>
   <p>"BRAGE" Kenosha, Wis.</p>
   <p>"BEL CANTO," Detroit, Mich.</p>
   <p>"D. A. S.", Chicago, Ill.</p>
   <p>"ELBEAG," Racine, Wis.</p>
   <p>"Harmonien," Chicago, Ill.</p>
   <p>"EYREN," Toledo, Ohio.</p>
   <p>There are many other Danish Singing Societies in the States and I shall mention here a few that I know:</p>
   <pb facs="5410780_2_0673.jpg" n="3"/>
   <p>"DENMARK," North Troy, N. Y.</p>
   <p>"DANE," Brooklyn, N.Y.</p>
   <p>"FROM," Perth Amboy, N.J.</p>
   <p>"DANIA," Omaha, Nebr.</p>
   <p>"ST. PETERS," East Port Chester, Conn.</p>
   <p>"LYREN," SanFrancisco, Calif.</p>
   <p>The Danish Singers herewith extend a warm welcome to all visiting countrymen. We hope that through our singing of the old Danish songs, we may help to make the Danish National Day and "Denmark's Day", days that will long linger in your memory after you go back to office, shop, farm or field.</p>
   <p>Take with you greetings from</p>
   <p>THE DANISH SINGER'S LEAGUE</p>
   <p>Dines Miller, President.</p>
  </body>
 </text>
</TEI>
