<?xml version="1.0" encoding="UTF-8"?>
<?oxygen RNGSchema="../schema/flps0.2.rnc" type="compact"?>
<TEI xmlns="http://www.tei-c.org/ns/1.0">
 <teiHeader>
  <fileDesc>
   <titleStmt>
    <title>
     <bibl><title>Scrapbook of the Harmonien Singing Society</title>.
<title level="a">[Danish Singing Societies Merge]</title></bibl>
    </title>
   </titleStmt>
   <publicationStmt>
    <publisher>The Newberry Library</publisher>
    <pubPlace>Chicago, Illinois</pubPlace>
    <address>
     <addrLine>60 West Walton</addrLine>
     <addrLine>Chicago, IL 60610</addrLine>
     <addrLine>USA</addrLine>
     <addrLine>http://www.newberry.org</addrLine>
    </address>
    <idno>5410780_2_0703</idno>
   </publicationStmt>
   <notesStmt>
    <note>Transcribed from digital images contributed to the Internet
                    Archive by the University of Illinois at Urbana-Champaign.</note>
   </notesStmt>
   <sourceDesc>
    <bibl><title>Chicago Foreign Language Press Survey</title>, <date>1936-1941</date>, 
                    <sponsor>Works Projects Administration</sponsor>, 
                    <sponsor>Chicago Public Library Omnibus Project</sponsor></bibl>
    <bibl>
     <title>Chicago Foreign Language Press Survey [microform]</title>
     <sponsor>University of Illinois Urbana-Champaign</sponsor>
     <sponsor>Internet Archive</sponsor>
    </bibl>
   </sourceDesc>
  </fileDesc>
  <encodingDesc>
   <xi:include xmlns:xi="http://www.w3.org/2001/XInclude" href="../schema/flpstaxonomy.xml">
    <xi:fallback>Taxonomy file not found.</xi:fallback>
   </xi:include>
  </encodingDesc>
  <profileDesc>
   <textClass>
    <catRef target="#grp-danish"/>
    <catRef target="#grp-danish #code-II.B.1.a"/>
    <catRef target="#grp-danish #code-II.D.1"/>
    <catRef target="#grp-danish #code-III.H"/>
    <catRef target="#grp-danish #code-III.D"/>
   </textClass>
  </profileDesc>
  <revisionDesc>
   
   <change when="2012-11-22">Mapped 2010 transcriptions of 5420780_2 images to 5410780_2</change>
  </revisionDesc>
 </teiHeader>
 <text>
  <front>
   <pb facs="5410780_2_0703.jpg" n="1"/>
   <div type="group">
    <list>
     <item>DANISH</item>
    </list>
   </div>
   <div type="codes">
    <list>
     <item>II B 1 a</item>
     <item>II D 1</item>
     <item>III H</item>
     <item>III D</item>
    </list>
   </div>
   <div type="citation">
    <bibl><title>Scrapbook, 1920, of the Harmonien Singing Society</title>.
<title level="a">[DANISH SINGING SOCIETIES MERGE]</title></bibl>
   </div>
  </front>
  <body>
   <p>Eight of the active singers of the Magneten Singing Society, the chorus of the Danish Brotherhood in Chicago, joined the colors during the World War. The chorus was so crippled that it found it impossible to carry on. In February, 1920, it merged with the Dansk Arbejder Sangforening (the Danish Workingmen's Singing Society).</p>
   <p>At that time the three Danish singing societies in Chicago, Harmonien, Magneten, and Dansk Arbejder Sangforening, had been trying to form a united chorus. Magneton's collapse and merger with Dansk Arbejder Sangforening, and the fact that Harmonien was making preparations for its trip to Denmark, caused a great deal of misunderstanding.</p>
  </body>
 </text>
</TEI>
