<?xml version="1.0" encoding="UTF-8"?>
<?oxygen RNGSchema="../schema/flps0.2.rnc" type="compact"?>
<TEI xmlns="http://www.tei-c.org/ns/1.0">
 <teiHeader>
  <fileDesc>
   <titleStmt>
    <title>
     <bibl><title>Revyen</title>, (The Review)
<date when="1909-10-09">Oct. 9, 1909</date>.

        </bibl>
    </title>
   </titleStmt>
   <publicationStmt>
    <publisher>The Newberry Library</publisher>
    <pubPlace>Chicago, Illinois</pubPlace>
    <address>
     <addrLine>60 West Walton</addrLine>
     <addrLine>Chicago, IL 60610</addrLine>
     <addrLine>USA</addrLine>
     <addrLine>http://www.newberry.org</addrLine>
    </address>
    <idno>5410780_2_0537</idno>
   </publicationStmt>
   <notesStmt>
    <note>Transcribed from digital images contributed to the Internet
                    Archive by the University of Illinois at Urbana-Champaign.</note>
   </notesStmt>
   <sourceDesc>
    <bibl><title>Chicago Foreign Language Press Survey</title>, <date>1936-1941</date>, 
                    <sponsor>Works Projects Administration</sponsor>, 
                    <sponsor>Chicago Public Library Omnibus Project</sponsor></bibl>
    <bibl>
     <title>Chicago Foreign Language Press Survey [microform]</title>
     <sponsor>University of Illinois Urbana-Champaign</sponsor>
     <sponsor>Internet Archive</sponsor>
    </bibl>
   </sourceDesc>
  </fileDesc>
  <encodingDesc>
   <xi:include xmlns:xi="http://www.w3.org/2001/XInclude" href="../schema/flpstaxonomy.xml">
    <xi:fallback>Taxonomy file not found.</xi:fallback>
   </xi:include>
  </encodingDesc>
  <profileDesc>
   <textClass>
    <catRef target="#grp-danish"/>
    <catRef target="#grp-danish #code-II.A.3.b"/>
    <catRef target="#grp-danish #code-II.B.1.a"/>
   </textClass>
  </profileDesc>
  <revisionDesc>
   
   <change when="2012-11-22">Mapped 2010 transcriptions of 5420780_2 images to 5410780_2</change>
  </revisionDesc>
 </teiHeader>
 <text>
  <front>
   <pb facs="5410780_2_0537.jpg" n="1"/>
   <div type="group">
    <list>
     <item>DANISH</item>
    </list>
   </div>
   <div type="codes">
    <list>
     <item>II A 3 b</item>
     <item>II B 1 a</item>
    </list>
   </div>
   <div type="citation">
    <bibl><title>Revyen</title>, (The Review)
<date when="1909-10-09">Oct. 9, 1909</date>.
</bibl>
   </div>
  </front>
  <body>
   <p>p.2.col.2.................An exceptional evening's entertainment way enjoyed by Chicago's Danes at Schoen oefen's Hall on Friday October 8. The never to be forgotten occassion was the song recital (really a tone lecture on Denmark) by Mrs. Rosenberg one of Denmark's most beloved singers.</p>
   <p>To her own accompanient she sang the old songs of the old land, folk songs of the farmer and fisher folk, of home and village: all in such a way as to grip the hearts of her listeners in an irresistible manner. The word and tone pictures of story, character and environment in the daily life of Denmark were so touchingly real that even one not understanding the language and lacking all knowledge of Denmark could feel a drawing as of some mysterious power that caught and held one spellbound.</p>
   <pb facs="5410780_2_0538.jpg" n="2"/>
   <p>Tomorrow evening Walhalla Hall will undoubtedly he filled to capacity when this gifted artist will give a tone lecture on "The Danish Folk Songs." The program will not be a repetition except in its almost sacred appeal to the hearts of those fortunate enough to attend. An evening under the magic spell of this wonderful artist will stand out as an unforgettable event in any music lovers life.</p>
  </body>
 </text>
</TEI>
