<?xml version="1.0" encoding="UTF-8"?>
<?oxygen RNGSchema="../schema/flps0.2.rnc" type="compact"?>
<TEI xmlns="http://www.tei-c.org/ns/1.0">
 <teiHeader>
  <fileDesc>
   <titleStmt>
    <title>
     <bibl><title>Revyen</title>,
<date when="1907-04-30">Apr. 30, 1907</date>.
<title level="a">Danish Oculists</title></bibl>
    </title>
   </titleStmt>
   <publicationStmt>
    <publisher>The Newberry Library</publisher>
    <pubPlace>Chicago, Illinois</pubPlace>
    <address>
     <addrLine>60 West Walton</addrLine>
     <addrLine>Chicago, IL 60610</addrLine>
     <addrLine>USA</addrLine>
     <addrLine>http://www.newberry.org</addrLine>
    </address>
    <idno>5410780_2_0295</idno>
   </publicationStmt>
   <notesStmt>
    <note>Transcribed from digital images contributed to the Internet
                    Archive by the University of Illinois at Urbana-Champaign.</note>
   </notesStmt>
   <sourceDesc>
    <bibl><title>Chicago Foreign Language Press Survey</title>, <date>1936-1941</date>, 
                    <sponsor>Works Projects Administration</sponsor>, 
                    <sponsor>Chicago Public Library Omnibus Project</sponsor></bibl>
    <bibl>
     <title>Chicago Foreign Language Press Survey [microform]</title>
     <sponsor>University of Illinois Urbana-Champaign</sponsor>
     <sponsor>Internet Archive</sponsor>
    </bibl>
   </sourceDesc>
  </fileDesc>
  <encodingDesc>
   <xi:include xmlns:xi="http://www.w3.org/2001/XInclude" href="../schema/flpstaxonomy.xml">
    <xi:fallback>Taxonomy file not found.</xi:fallback>
   </xi:include>
  </encodingDesc>
  <profileDesc>
   <textClass>
    <catRef target="#grp-danish"/>
    <catRef target="#grp-danish #code-II.A.1"/>
    <catRef target="#grp-danish #code-II.D.10"/>
    <catRef target="#grp-danish #code-II.D.3"/>
   </textClass>
  </profileDesc>
  <revisionDesc>
   
   <change when="2012-11-22">Mapped 2010 transcriptions of 5420780_2 images to 5410780_2</change>
  </revisionDesc>
 </teiHeader>
 <text>
  <front>
   <pb facs="5410780_2_0295.jpg" n="1"/>
   <div type="group">
    <list>
     <item>DANISH</item>
    </list>
   </div>
   <div type="codes">
    <list>
     <item>II A 1</item>
     <item>II D 10</item>
     <item>II D 3</item>
    </list>
   </div>
   <div type="citation">
    <bibl><title>Revyen</title>,
<date when="1907-04-30">Apr. 30, 1907</date>.
<title level="a">DANISH OCULISTS</title></bibl>
   </div>
  </front>
  <body>
   <p>Among the oldest and most famous oculists in Chicago, is Dr. Thompson State and Madison Streets. His highest ideal is being of service to suffering humanity. Many of the suffering are of the opinion that they cannot a ford to consult an oculist so skilled and famous ad Mr. Thompson. However, no one is refused consultation or treatment, irrespective of financial standing.</p>
   <p>Dr. Thompson and his excellent staff of assistants regard mercy as a point of honor, wherever. circumstances call for it. In order to avoid abuses, Dr. Thompson has his own system of convincing himself as to whether or not an applicant for free service is actually in need of it. He asks him or her, a few questions, and if the answers are satisfactorily confirmed during a brief investigation, which follows, the <pb facs="5410780_2_0296.jpg" n="2"/>patient is treated courteously and free of charge.</p>
   <p>Dr. Thompson belongs to the hardy type of Americans who hail from the Scandivian countries. His parents are still living in Bronderslov, Denamrk, and are in good health. Dr. Thompson emigrated in the early sixties and began the business which he proudly regards, as the biggest and best equipped of its kind in America.</p>
  </body>
 </text>
</TEI>
