<?xml version="1.0" encoding="UTF-8"?>
<?oxygen RNGSchema="../schema/flps0.2.rnc" type="compact"?>
<TEI xmlns="http://www.tei-c.org/ns/1.0">
 <teiHeader>
  <fileDesc>
   <titleStmt>
    <title>
     <bibl><title>Revyen</title>,
<date when="1903-02-14">Feb. 14, 1903</date>.
<title level="a">[Danes to Distribute Ceylon Soya in Chicago]</title></bibl>
    </title>
   </titleStmt>
   <publicationStmt>
    <publisher>The Newberry Library</publisher>
    <pubPlace>Chicago, Illinois</pubPlace>
    <address>
     <addrLine>60 West Walton</addrLine>
     <addrLine>Chicago, IL 60610</addrLine>
     <addrLine>USA</addrLine>
     <addrLine>http://www.newberry.org</addrLine>
    </address>
    <idno>5410780_2_0422</idno>
   </publicationStmt>
   <notesStmt>
    <note>Transcribed from digital images contributed to the Internet
                    Archive by the University of Illinois at Urbana-Champaign.</note>
   </notesStmt>
   <sourceDesc>
    <bibl><title>Chicago Foreign Language Press Survey</title>, <date>1936-1941</date>, 
                    <sponsor>Works Projects Administration</sponsor>, 
                    <sponsor>Chicago Public Library Omnibus Project</sponsor></bibl>
    <bibl>
     <title>Chicago Foreign Language Press Survey [microform]</title>
     <sponsor>University of Illinois Urbana-Champaign</sponsor>
     <sponsor>Internet Archive</sponsor>
    </bibl>
   </sourceDesc>
  </fileDesc>
  <encodingDesc>
   <xi:include xmlns:xi="http://www.w3.org/2001/XInclude" href="../schema/flpstaxonomy.xml">
    <xi:fallback>Taxonomy file not found.</xi:fallback>
   </xi:include>
  </encodingDesc>
  <profileDesc>
   <textClass>
    <catRef target="#grp-danish"/>
    <catRef target="#grp-danish #code-II.A.2"/>
    <catRef target="#grp-danish #code-III.H"/>
   </textClass>
  </profileDesc>
  <revisionDesc>
   
   <change when="2012-11-22">Mapped 2010 transcriptions of 5420780_2 images to 5410780_2</change>
  </revisionDesc>
 </teiHeader>
 <text>
  <front>
   <pb facs="5410780_2_0422.jpg" n="1"/>
   <div type="group">
    <list>
     <item>DANISH</item>
    </list>
   </div>
   <div type="codes">
    <list>
     <item>II A 2</item>
     <item>III H</item>
    </list>
   </div>
   <div type="citation">
    <bibl><title>Revyen</title>,
<date when="1903-02-14">Feb. 14, 1903</date>.
<title level="a">[DANES TO DISTRIBUTE CEYLON SOYA IN CHICAGO]</title></bibl>
   </div>
  </front>
  <body>
   <p>Ceylon Soya, as it is used in the old country, is now being introduced to the Chicago market. A short time ago our countryman Mr. Chas. Therkildsen started the manufacture of the product in Brooklyn, and the undertaking was quite a success, due to the superior quality of the Soya. Where he now extends his field of action to Chicago, we sincerely wish him luck. The Chicago distributor is the wholesale firm of Mr. Wm. Morgensen, 557-59 Armitage Avenue.</p>
   <p>Besides the manufacture of Soya, Mr. Therkildsen is introducing a new method for the preservation of eggs. Tests conducted in Denmark has proven that when treated by this method eggs will retain their fresh taste almost indefinitely, and, for any purpose, compare favorably with new laid eggs. The highest prices have been obtained on the English market. In April the method will be demonstrated for a number of Chicago firms. It will also be patented and the patent rights sold to those interested.</p>
  </body>
 </text>
</TEI>
