<?xml version="1.0" encoding="UTF-8"?>
<?oxygen RNGSchema="../schema/flps0.2.rnc" type="compact"?>
<TEI xmlns="http://www.tei-c.org/ns/1.0">
 <teiHeader>
  <fileDesc>
   <titleStmt>
    <title>
     <bibl><title>Dansk Tidende</title><date when="1925-05-15">May 15, 1925</date>.
<title level="a">Jubilee Concert</title></bibl>
    </title>
   </titleStmt>
   <publicationStmt>
    <publisher>The Newberry Library</publisher>
    <pubPlace>Chicago, Illinois</pubPlace>
    <address>
     <addrLine>60 West Walton</addrLine>
     <addrLine>Chicago, IL 60610</addrLine>
     <addrLine>USA</addrLine>
     <addrLine>http://www.newberry.org</addrLine>
    </address>
    <idno>5410780_2_0485</idno>
   </publicationStmt>
   <notesStmt>
    <note>Transcribed from digital images contributed to the Internet
                    Archive by the University of Illinois at Urbana-Champaign.</note>
   </notesStmt>
   <sourceDesc>
    <bibl><title>Chicago Foreign Language Press Survey</title>, <date>1936-1941</date>, 
                    <sponsor>Works Projects Administration</sponsor>, 
                    <sponsor>Chicago Public Library Omnibus Project</sponsor></bibl>
    <bibl>
     <title>Chicago Foreign Language Press Survey [microform]</title>
     <sponsor>University of Illinois Urbana-Champaign</sponsor>
     <sponsor>Internet Archive</sponsor>
    </bibl>
   </sourceDesc>
  </fileDesc>
  <encodingDesc>
   <xi:include xmlns:xi="http://www.w3.org/2001/XInclude" href="../schema/flpstaxonomy.xml">
    <xi:fallback>Taxonomy file not found.</xi:fallback>
   </xi:include>
  </encodingDesc>
  <profileDesc>
   <textClass>
    <catRef target="#grp-danish"/>
    <catRef target="#grp-danish #code-II.A.3.b"/>
    <catRef target="#grp-danish #code-II.B.1.a"/>
   </textClass>
  </profileDesc>
  <revisionDesc>
   
   <change when="2012-11-22">Mapped 2010 transcriptions of 5420780_2 images to 5410780_2</change>
  </revisionDesc>
 </teiHeader>
 <text>
  <front>
   <pb facs="5410780_2_0485.jpg" n="1"/>
   <div type="group">
    <list>
     <item>DANISH</item>
    </list>
   </div>
   <div type="codes">
    <list>
     <item>II A 3 b</item>
     <item>II B 1 a</item>
    </list>
   </div>
   <div type="citation">
    <bibl><title>Dansk Tidende (Danish Times)</title><date when="1925-05-15">May 15, 1925</date>.
<title level="a">JUBILEE CONCERT</title></bibl>
   </div>
  </front>
  <body>
   <p>Friday, June 5th, organist, George Dupont-Hansen, will give a concert in Danish Trinity Lutheran Church. Mr. Dupont-Hansen has given quite a few concerts around Chicago, and his selections have always been well chosen. He has been a conductor of Danish church choirs in Chicago for many years, and thanks to his ability, these comparatively small groups have been able to organize choirs whose performances must be classified among the best in Chicago.</p>
   <p>George Dupont-Hansen's choir consists of one hundred and fifty young voices whose songs will please your ear. This will be a jubilee concert, inasmuch as Dupont-Hansen has been an organist for Trinity Lutheran Church the past thirty years, as well as conductor of Danish choirs. His many friends, members of the church or not, surely will fill the church in appreciation of Dupont-Hansen's many years of tireless, unselfish work for the promotion of Scandinavian music.</p>
   <pb facs="5410780_2_0486.jpg" n="2"/>
   <p>The Northern Trio will assist at this concert.</p>
  </body>
 </text>
</TEI>
