<?xml version="1.0" encoding="UTF-8"?>
<?oxygen RNGSchema="../schema/flps0.2.rnc" type="compact"?>
<TEI xmlns="http://www.tei-c.org/ns/1.0">
 <teiHeader>
  <fileDesc>
   <titleStmt>
    <title>
     <bibl><title>Skandinaven</title>,
<date when="1905-08-04">Aug. 4, 1905</date>.
<title level="a">[Jens Jensen Made General Superintendent of West Park System]</title></bibl>
    </title>
   </titleStmt>
   <publicationStmt>
    <publisher>The Newberry Library</publisher>
    <pubPlace>Chicago, Illinois</pubPlace>
    <address>
     <addrLine>60 West Walton</addrLine>
     <addrLine>Chicago, IL 60610</addrLine>
     <addrLine>USA</addrLine>
     <addrLine>http://www.newberry.org</addrLine>
    </address>
    <idno>5410780_2_0298</idno>
   </publicationStmt>
   <notesStmt>
    <note>Transcribed from digital images contributed to the Internet
                    Archive by the University of Illinois at Urbana-Champaign.</note>
   </notesStmt>
   <sourceDesc>
    <bibl><title>Chicago Foreign Language Press Survey</title>, <date>1936-1941</date>, 
                    <sponsor>Works Projects Administration</sponsor>, 
                    <sponsor>Chicago Public Library Omnibus Project</sponsor></bibl>
    <bibl>
     <title>Chicago Foreign Language Press Survey [microform]</title>
     <sponsor>University of Illinois Urbana-Champaign</sponsor>
     <sponsor>Internet Archive</sponsor>
    </bibl>
   </sourceDesc>
  </fileDesc>
  <encodingDesc>
   <xi:include xmlns:xi="http://www.w3.org/2001/XInclude" href="../schema/flpstaxonomy.xml">
    <xi:fallback>Taxonomy file not found.</xi:fallback>
   </xi:include>
  </encodingDesc>
  <profileDesc>
   <textClass>
    <catRef target="#grp-danish"/>
    <catRef target="#grp-danish #code-II.A.1"/>
    <catRef target="#grp-danish #code-V.A.2"/>
    <catRef target="#grp-danish #code-IV"/>
   </textClass>
  </profileDesc>
  <revisionDesc>
   
   <change when="2012-11-22">Mapped 2010 transcriptions of 5420780_2 images to 5410780_2</change>
  </revisionDesc>
 </teiHeader>
 <text>
  <front>
   <pb facs="5410780_2_0298.jpg" n="1"/>
   <div type="group">
    <list>
     <item>DANISH</item>
    </list>
   </div>
   <div type="codes">
    <list>
     <item>II A 1</item>
     <item>V A 2</item>
     <item>IV</item>
    </list>
   </div>
   <div type="citation">
    <bibl><title>Skandinaven</title>,
<date when="1905-08-04">Aug. 4, 1905</date>.
<title level="a">[JENS JENSEN MADE GENERAL SUPERINTENDENT OF WEST PARK SYSTEM]</title></bibl>
   </div>
  </front>
  <body>
   <p>Jens Jensen has been made General Superintendent of the West Park System. Some years ago, because of politics, Mr. Jensen was discharged from his position as gardener for the System. Now he is getting revenge. The individual park superintendents will be known as assistant superintendents.</p>
   <p>Reporters who called at his residence were told that Mr. Jensen could not say anything as yet. "The whole Park System is rotten," stated Jensen, "and all I can say is that I certainly shall build up the parks and the many boulevards."</p>
   <p>Mr. Jensen was born in Denmark, and was educated there as a florist and landscape gardener. The whole Park Board is enthusiastic about his appointment.</p>
  </body>
 </text>
</TEI>
