<?xml version="1.0" encoding="UTF-8"?>
<?oxygen RNGSchema="../schema/flps0.2.rnc" type="compact"?>
<TEI xmlns="http://www.tei-c.org/ns/1.0">
 <teiHeader>
  <fileDesc>
   <titleStmt>
    <title>
     <bibl><title>Dansk Tidende</title>,
<date when="1925-08-14">Aug. 14, 1925</date>.
<title level="a">With Laws We Shall Build a Nation</title></bibl>
    </title>
   </titleStmt>
   <publicationStmt>
    <publisher>The Newberry Library</publisher>
    <pubPlace>Chicago, Illinois</pubPlace>
    <address>
     <addrLine>60 West Walton</addrLine>
     <addrLine>Chicago, IL 60610</addrLine>
     <addrLine>USA</addrLine>
     <addrLine>http://www.newberry.org</addrLine>
    </address>
    <idno>5410780_2_0157</idno>
   </publicationStmt>
   <notesStmt>
    <note>Transcribed from digital images contributed to the Internet
                    Archive by the University of Illinois at Urbana-Champaign.</note>
   </notesStmt>
   <sourceDesc>
    <bibl><title>Chicago Foreign Language Press Survey</title>, <date>1936-1941</date>, 
                    <sponsor>Works Projects Administration</sponsor>, 
                    <sponsor>Chicago Public Library Omnibus Project</sponsor></bibl>
    <bibl>
     <title>Chicago Foreign Language Press Survey [microform]</title>
     <sponsor>University of Illinois Urbana-Champaign</sponsor>
     <sponsor>Internet Archive</sponsor>
    </bibl>
   </sourceDesc>
  </fileDesc>
  <encodingDesc>
   <xi:include xmlns:xi="http://www.w3.org/2001/XInclude" href="../schema/flpstaxonomy.xml">
    <xi:fallback>Taxonomy file not found.</xi:fallback>
   </xi:include>
  </encodingDesc>
  <profileDesc>
   <textClass>
    <catRef target="#grp-danish"/>
    <catRef target="#grp-danish #code-I.H"/>
   </textClass>
  </profileDesc>
  <revisionDesc>
   
   <change when="2012-11-22">Mapped 2010 transcriptions of 5420780_2 images to 5410780_2</change>
  </revisionDesc>
 </teiHeader>
 <text>
  <front>
   <pb facs="5410780_2_0157.jpg" n="1"/>
   <div type="group">
    <list>
     <item>DANISH</item>
    </list>
   </div>
   <div type="codes">
    <list>
     <item>I H</item>
    </list>
   </div>
   <div type="citation">
    <bibl><title>Dansk Tidende (Danish Times)</title>,
<date when="1925-08-14">Aug. 14, 1925</date>.
<title level="a">WITH LAWS WE SHALL BUILD A NATION</title></bibl>
   </div>
  </front>
  <body>
   <p>With laws we shall build a nation says an inscription over the main entrance to the City Hall of Copenhagen. In this country we would come closer to hitting the point if we put it thus: "With laws we will ruin the nation." The greatest lawmakers sometimes turn out to be equally great public enemies. The state of New York has 50,000 laws but would probably do much better with 500.</p>
   <p>A law is - or ought to be - a convenant of the people, and a guide for their common intercourse too sacred to violate. Any one guilty of violation should be regarded as a public enemy and treated accordingly. As it is now any influential person can manage to have a law passed in his favor but contradictory to sound morals, and the consequence is increased disrespect for legislation as a whole.</p>
   <p>Instead of tangling ourselves up in laws studded with unintelligible paragraphs <pb facs="5410780_2_0158.jpg" n="2"/>suitable for interpretations made to order, would it not be better to have a few fundamental laws, and in addition teach people to co-operate in efforts to solve problems? Then probably the sport of evading the law would be less popular. The fact that our courts are influenced by politics makes the situation just that much more complicated.</p>
   <p>Russell Scott, the murderer was acquitted because a physician declared him insane. To be sure, a man with a normal mind, and conscious of the fact that he would subject himself to the death penalty for killing and robbing another person would hardly do so for the sake of a few dollars; but a degenerated individual who has observed criminals go free, even after committing serious crimes, will take a chance on it. Had he known for sure that, if caught, he would have to pay with his life, maybe he would have hesitated.</p>
   <p>The American people are sentimental, it seems, and maybe it is brutal to hang a man for his crimes, but it is necessary. In olden days the process was not even <pb facs="5410780_2_0159.jpg" n="3"/>finished with the hanging. The heads of the criminals were put on sticks and carried around town to terrify "would be" criminals.</p>
   <p>Of course we would not go that far, but one thing is sure, American laws will have to be revised, and it will not do for us to elect any Tom, Dick and Harry to make new ones.</p>
  </body>
 </text>
</TEI>
