<?xml version="1.0" encoding="UTF-8"?>
<?oxygen RNGSchema="../schema/flps0.2.rnc" type="compact"?>
<TEI xmlns="http://www.tei-c.org/ns/1.0">
 <teiHeader>
  <fileDesc>
   <titleStmt>
    <title>
     <bibl><title>Dansk Tidende</title><date when="1925-12-11">Dec. 11, 1925</date>.
<title level="a">Singers</title></bibl>
    </title>
   </titleStmt>
   <publicationStmt>
    <publisher>The Newberry Library</publisher>
    <pubPlace>Chicago, Illinois</pubPlace>
    <address>
     <addrLine>60 West Walton</addrLine>
     <addrLine>Chicago, IL 60610</addrLine>
     <addrLine>USA</addrLine>
     <addrLine>http://www.newberry.org</addrLine>
    </address>
    <idno>5410780_2_0679</idno>
   </publicationStmt>
   <notesStmt>
    <note>Transcribed from digital images contributed to the Internet
                    Archive by the University of Illinois at Urbana-Champaign.</note>
   </notesStmt>
   <sourceDesc>
    <bibl><title>Chicago Foreign Language Press Survey</title>, <date>1936-1941</date>, 
                    <sponsor>Works Projects Administration</sponsor>, 
                    <sponsor>Chicago Public Library Omnibus Project</sponsor></bibl>
    <bibl>
     <title>Chicago Foreign Language Press Survey [microform]</title>
     <sponsor>University of Illinois Urbana-Champaign</sponsor>
     <sponsor>Internet Archive</sponsor>
    </bibl>
   </sourceDesc>
  </fileDesc>
  <encodingDesc>
   <xi:include xmlns:xi="http://www.w3.org/2001/XInclude" href="../schema/flpstaxonomy.xml">
    <xi:fallback>Taxonomy file not found.</xi:fallback>
   </xi:include>
  </encodingDesc>
  <profileDesc>
   <textClass>
    <catRef target="#grp-danish"/>
    <catRef target="#grp-danish #code-II.B.1.a"/>
   </textClass>
  </profileDesc>
  <revisionDesc>
   
   <change when="2012-11-22">Mapped 2010 transcriptions of 5420780_2 images to 5410780_2</change>
  </revisionDesc>
 </teiHeader>
 <text>
  <front>
   <pb facs="5410780_2_0679.jpg" n="1"/>
   <div type="group">
    <list>
     <item>DANISH</item>
    </list>
   </div>
   <div type="codes">
    <list>
     <item>II B 1 a</item>
    </list>
   </div>
   <div type="citation">
    <bibl><title>Danish Tidende, (Danish Times)</title><date when="1925-12-11">Dec. 11, 1925</date>.
<title level="a">SINGERS</title></bibl>
   </div>
  </front>
  <body>
   <p>Singers from Harmonien, Hamlet and Dansk Arbejder Sangforening who wish to assist Professor Marinus Paulsen at his concert to be held in Orchestra Hall in March are hereby asked to meet for a rehearsal in the hall at 1653 N. Rockwell Street Sunday, December 13, 10:00 A. M.</p>
  </body>
 </text>
</TEI>
