<?xml version="1.0" encoding="UTF-8"?>
<?oxygen RNGSchema="../schema/flps0.2.rnc" type="compact"?>
<TEI xmlns="http://www.tei-c.org/ns/1.0">
 <teiHeader>
  <fileDesc>
   <titleStmt>
    <title>
     <bibl><title>Danish Times</title>,
<date when="1922-03-18">Mar. 18, 1922</date>.
<title level="a">[Anton Kvist Honorel]</title></bibl>
    </title>
   </titleStmt>
   <publicationStmt>
    <publisher>The Newberry Library</publisher>
    <pubPlace>Chicago, Illinois</pubPlace>
    <address>
     <addrLine>60 West Walton</addrLine>
     <addrLine>Chicago, IL 60610</addrLine>
     <addrLine>USA</addrLine>
     <addrLine>http://www.newberry.org</addrLine>
    </address>
    <idno>5410780_2_0254</idno>
   </publicationStmt>
   <notesStmt>
    <note>Transcribed from digital images contributed to the Internet
                    Archive by the University of Illinois at Urbana-Champaign.</note>
   </notesStmt>
   <sourceDesc>
    <bibl><title>Chicago Foreign Language Press Survey</title>, <date>1936-1941</date>, 
                    <sponsor>Works Projects Administration</sponsor>, 
                    <sponsor>Chicago Public Library Omnibus Project</sponsor></bibl>
    <bibl>
     <title>Chicago Foreign Language Press Survey [microform]</title>
     <sponsor>University of Illinois Urbana-Champaign</sponsor>
     <sponsor>Internet Archive</sponsor>
    </bibl>
   </sourceDesc>
  </fileDesc>
  <encodingDesc>
   <xi:include xmlns:xi="http://www.w3.org/2001/XInclude" href="../schema/flpstaxonomy.xml">
    <xi:fallback>Taxonomy file not found.</xi:fallback>
   </xi:include>
  </encodingDesc>
  <profileDesc>
   <textClass>
    <catRef target="#grp-danish"/>
    <catRef target="#grp-danish #code-II.A.1"/>
   </textClass>
  </profileDesc>
  <revisionDesc>
   
   <change when="2012-11-22">Mapped 2010 transcriptions of 5420780_2 images to 5410780_2</change>
  </revisionDesc>
 </teiHeader>
 <text>
  <front>
   <pb facs="5410780_2_0254.jpg" n="1"/>
   <div type="group">
    <list>
     <item>DANISH</item>
    </list>
   </div>
   <div type="codes">
    <list>
     <item>II A 1</item>
    </list>
   </div>
   <div type="citation">
    <bibl><title>Danish Times</title>,
<date when="1922-03-18">Mar. 18, 1922</date>.
<title level="a">[ANTON KVIST HONOREL]</title></bibl>
   </div>
  </front>
  <body>
   <p>The Board of Trustees of the American-Scandinavian Foundation held a meeting in New York City and passed the following resolution:</p>
   <p>"Whereas a petition has been presented to the Trustees of the Foundation requesting that a stipend for study in Denmark be granted to Anton Kvist, a resident of Chicago, but of Danish birth, and,</p>
   <p>"Whereas the Chicago Advisory Committee has approved this petition, providing only that rules governing Fellowships will not be violated, be it</p>
   <p>"Resolved that the petition be referred to the Scholarship Committee with the recommendation that if any stipend be granted in addition to the five required by the terms of the Denmark-American Exchange, it shall be granted to Anton Kvist."</p>
  </body>
 </text>
</TEI>
