<?xml version="1.0" encoding="UTF-8"?>
<?oxygen RNGSchema="../schema/flps0.2.rnc" type="compact"?>
<TEI xmlns="http://www.tei-c.org/ns/1.0">
 <teiHeader>
  <fileDesc>
   <titleStmt>
    <title>
     <bibl><title>Revyen</title>,
<date when="1900-03-10">Mar. 10, 1900</date>.
<title level="a">[Danes to Protest British Aggression against Boers]</title></bibl>
    </title>
   </titleStmt>
   <publicationStmt>
    <publisher>The Newberry Library</publisher>
    <pubPlace>Chicago, Illinois</pubPlace>
    <address>
     <addrLine>60 West Walton</addrLine>
     <addrLine>Chicago, IL 60610</addrLine>
     <addrLine>USA</addrLine>
     <addrLine>http://www.newberry.org</addrLine>
    </address>
    <idno>5410780_2_0091</idno>
   </publicationStmt>
   <notesStmt>
    <note>Transcribed from digital images contributed to the Internet
                    Archive by the University of Illinois at Urbana-Champaign.</note>
   </notesStmt>
   <sourceDesc>
    <bibl><title>Chicago Foreign Language Press Survey</title>, <date>1936-1941</date>, 
                    <sponsor>Works Projects Administration</sponsor>, 
                    <sponsor>Chicago Public Library Omnibus Project</sponsor></bibl>
    <bibl>
     <title>Chicago Foreign Language Press Survey [microform]</title>
     <sponsor>University of Illinois Urbana-Champaign</sponsor>
     <sponsor>Internet Archive</sponsor>
    </bibl>
   </sourceDesc>
  </fileDesc>
  <encodingDesc>
   <xi:include xmlns:xi="http://www.w3.org/2001/XInclude" href="../schema/flpstaxonomy.xml">
    <xi:fallback>Taxonomy file not found.</xi:fallback>
   </xi:include>
  </encodingDesc>
  <profileDesc>
   <textClass>
    <catRef target="#grp-danish"/>
    <catRef target="#grp-danish #code-I.G"/>
    <catRef target="#grp-danish #code-III.B.1"/>
    <catRef target="#grp-danish #code-III.B.2"/>
   </textClass>
  </profileDesc>
  <revisionDesc>
   
   <change when="2012-11-22">Mapped 2010 transcriptions of 5420780_2 images to 5410780_2</change>
  </revisionDesc>
 </teiHeader>
 <text>
  <front>
   <pb facs="5410780_2_0091.jpg" n="1"/>
   <div type="group">
    <list>
     <item>DANISH</item>
    </list>
   </div>
   <div type="codes">
    <list>
     <item>I G</item>
     <item>III B 1</item>
     <item>III B 2</item>
    </list>
   </div>
   <div type="citation">
    <bibl><title>Revyen</title>,
<date when="1900-03-10">Mar. 10, 1900</date>.
<title level="a">[DANES TO PROTEST BRITISH AGGRESSION AGAINST BOERS]</title></bibl>
   </div>
  </front>
  <body>
   <p>The Central Committee on the South Side invited all Danes to a meeting in Wallhalla Hall on March 11 to protest against the English attack on the little Boer nation.</p>
   <p>Revyen, Mar. 17, 1900.</p>
   <p>The meeting was held and many people did attend. The president of the Central Committee, Mr. L. O. Larsen, opened the meeting. Mr. A. J. Nielsen, who was elected chairman, said that 250 Danes are fighting under the Boer flag. Representative Robert Redfield, Mrs. Catherine Toft, and James Skallerup also spoke. The last speaker wanted President McKinley to intervene in behalf of the little Boer nation, but the meeting felt that the American president could and would do nothing.</p>
  </body>
 </text>
</TEI>
