<?xml version="1.0" encoding="UTF-8"?>
<?oxygen RNGSchema="../schema/flps0.2.rnc" type="compact"?>
<TEI xmlns="http://www.tei-c.org/ns/1.0">
 <teiHeader>
  <fileDesc>
   <titleStmt>
    <title>
     <bibl><title>Danish Times</title>,
<date when="1926-02-19">Feb. 19, 1926</date>.
<title level="a">[Debut of Gerda Henius in Milano]</title></bibl>
    </title>
   </titleStmt>
   <publicationStmt>
    <publisher>The Newberry Library</publisher>
    <pubPlace>Chicago, Illinois</pubPlace>
    <address>
     <addrLine>60 West Walton</addrLine>
     <addrLine>Chicago, IL 60610</addrLine>
     <addrLine>USA</addrLine>
     <addrLine>http://www.newberry.org</addrLine>
    </address>
    <idno>5410780_2_0472</idno>
   </publicationStmt>
   <notesStmt>
    <note>Transcribed from digital images contributed to the Internet
                    Archive by the University of Illinois at Urbana-Champaign.</note>
   </notesStmt>
   <sourceDesc>
    <bibl><title>Chicago Foreign Language Press Survey</title>, <date>1936-1941</date>, 
                    <sponsor>Works Projects Administration</sponsor>, 
                    <sponsor>Chicago Public Library Omnibus Project</sponsor></bibl>
    <bibl>
     <title>Chicago Foreign Language Press Survey [microform]</title>
     <sponsor>University of Illinois Urbana-Champaign</sponsor>
     <sponsor>Internet Archive</sponsor>
    </bibl>
   </sourceDesc>
  </fileDesc>
  <encodingDesc>
   <xi:include xmlns:xi="http://www.w3.org/2001/XInclude" href="../schema/flpstaxonomy.xml">
    <xi:fallback>Taxonomy file not found.</xi:fallback>
   </xi:include>
  </encodingDesc>
  <profileDesc>
   <textClass>
    <catRef target="#grp-danish"/>
    <catRef target="#grp-danish #code-II.A.3.b"/>
    <catRef target="#grp-danish #code-II.B.2.e"/>
    <catRef target="#grp-danish #code-IV"/>
   </textClass>
  </profileDesc>
  <revisionDesc>
   
   <change when="2012-11-22">Mapped 2010 transcriptions of 5420780_2 images to 5410780_2</change>
  </revisionDesc>
 </teiHeader>
 <text>
  <front>
   <pb facs="5410780_2_0472.jpg" n="1"/>
   <div type="group">
    <list>
     <item>DANISH</item>
    </list>
   </div>
   <div type="codes">
    <list>
     <item>II A 3 b</item>
     <item>II B 2 e</item>
     <item>IV</item>
    </list>
   </div>
   <div type="citation">
    <bibl><title>Danish Times</title>,
<date when="1926-02-19">Feb. 19, 1926</date>.
<title level="a">[DEBUT OF GERDA HENIUS IN MILANO]</title></bibl>
   </div>
  </front>
  <body>
   <p>We hear from Milano, Italy, that Gerda Henius, the opera singer, has become a great success in "Valkyrie," at the La Scala Opera House.</p>
   <p>The newspaper La Provincia li Como, writes: "Gerda Henius gave an impersonation of "Sieglinda" with extremely great intuition in revealing the primitive sentiments that abound in this personage: the sweeping passion, the instinct of motherhood, and of revenge. Some of her impulses (in the duet in Act one; the great scene in Act two; and the cry in the last act) were portrayed with really exceptional and vital strength and conviction. Her splendid vocal resources with brilliant, robust, and well-sustained high notes she adapts splendidly to the difficult part assigned to her and one <pb facs="5410780_2_0473.jpg" n="2"/>can easily see that long and patient study has given her the control of her voice that she has and shows how this artist has been able to reason out the demands of the music and classic line of the Wagnerian style."</p>
   <p>Gerda Henius, as we all know, is the daughter of Dr. Max Henius. She was born in Chicago but she is able to speak Italian, Danish, and French fluently.</p>
   <p>Her Chicago success was as "Vallentin" in "Faust", for which she received the Ziegfeld Musical College's diamond studded medal. She later appeared in "The Round Up" as "Echo."</p>
   <p>For many years she was the leading lady of the Essanay Film Company in <pb facs="5410780_2_0474.jpg" n="3"/>Chicago, and she appeared in the film "The Song in the Dark."</p>
   <p>She is married to Mr. Carlo Edwards, stage director of the Metropolitan Opera Company. She studied in Rome and in Milano, under maestro Giroldino.</p>
   <p>Some of her recent appearances were: as "Aida" in "Cavalleria Rusticana;" "La Tosco," "La Belle Helene" in "Mephistopheles," and a number of other grand operas.</p>
  </body>
 </text>
</TEI>
