<?xml version="1.0" encoding="UTF-8"?>
<?oxygen RNGSchema="../schema/flps0.2.rnc" type="compact"?>
<TEI xmlns="http://www.tei-c.org/ns/1.0">
 <teiHeader>
  <fileDesc>
   <titleStmt>
    <title>
     <bibl><title>Danish Times</title>,
<date when="1930-07-25">July 25, 1930</date>.
<title level="a">America's Great Dane</title><title level="a" type="sub">(Editorial)</title></bibl>
    </title>
   </titleStmt>
   <publicationStmt>
    <publisher>The Newberry Library</publisher>
    <pubPlace>Chicago, Illinois</pubPlace>
    <address>
     <addrLine>60 West Walton</addrLine>
     <addrLine>Chicago, IL 60610</addrLine>
     <addrLine>USA</addrLine>
     <addrLine>http://www.newberry.org</addrLine>
    </address>
    <idno>5410780_2_0566</idno>
   </publicationStmt>
   <notesStmt>
    <note>Transcribed from digital images contributed to the Internet
                    Archive by the University of Illinois at Urbana-Champaign.</note>
   </notesStmt>
   <sourceDesc>
    <bibl><title>Chicago Foreign Language Press Survey</title>, <date>1936-1941</date>, 
                    <sponsor>Works Projects Administration</sponsor>, 
                    <sponsor>Chicago Public Library Omnibus Project</sponsor></bibl>
    <bibl>
     <title>Chicago Foreign Language Press Survey [microform]</title>
     <sponsor>University of Illinois Urbana-Champaign</sponsor>
     <sponsor>Internet Archive</sponsor>
    </bibl>
   </sourceDesc>
  </fileDesc>
  <encodingDesc>
   <xi:include xmlns:xi="http://www.w3.org/2001/XInclude" href="../schema/flpstaxonomy.xml">
    <xi:fallback>Taxonomy file not found.</xi:fallback>
   </xi:include>
  </encodingDesc>
  <profileDesc>
   <textClass>
    <catRef target="#grp-danish"/>
    <catRef target="#grp-danish #code-II.A.3.c"/>
   </textClass>
  </profileDesc>
  <revisionDesc>
   
   <change when="2012-11-22">Mapped 2010 transcriptions of 5420780_2 images to 5410780_2</change>
  </revisionDesc>
 </teiHeader>
 <text>
  <front>
   <pb facs="5410780_2_0566.jpg" n="1"/>
   <div type="group">
    <list>
     <item>DANISH</item>
    </list>
   </div>
   <div type="codes">
    <list>
     <item>II A 3 c</item>
    </list>
   </div>
   <div type="citation">
    <bibl><title>Danish Times</title>,
<date when="1930-07-25">July 25, 1930</date>.
<title level="a">AMERICA'S GREAT DANE</title><title level="a" type="sub">(Editorial)</title></bibl>
   </div>
  </front>
  <body>
   <p>Someone has said that great men are a part of the Infinite, brothers of the rocks, the seas, the rivers and the mountains, and it seems eminently fitting that the faces of great men might well be carved into the imperishable granite, into the rock-ribbed mountains of their country. Art and Nature have met here at Rushmore Mountains. Here we find a lofty grandeur, Rushmore Mountain, towering far above his brother peaks, a well-selected formation of granite that will endure throughout the ages to come as a national memorial. Here our nation has asked Gutzon Borglum to cut into imperishable granite the features of the illustrious Father of our Country, George Washington, as well as other noble statesmen who have cut into the pages of History an imperishable fame.</p>
   <p>As we gaze upon these noble masterpieces of sculpture on such a gigantic <pb facs="5410780_2_0567.jpg" n="2"/>scale, a feeling of awe comes over us and catches the inspiration of the permanent and enduring nature of brave and noble deeds of statesmanship.</p>
   <p>It seems here that Mother Nature has spread before us an appropriate background and setting for the work of the sculptor which must follow. Far away from cities and buildings, far away from studio and chisel, far away from the maddening crowd, one can look upon the lofty mountain top and catch, as it were, a glimpse into the great Infinite, and feel his kinship with Mother Nature.</p>
   <p>At the instance of President Coolidge, our Congress wisely left the selection of location and details of construction, as well as the design and general idea, to Gutzon Borglum, who is of Danish descent, bold and aggressive in thought, fearless and free, well equipped to carve the heroic likenesses of our patriots.</p>
   <p>His studies and concepts of historical faces and figures in many branches <pb facs="5410780_2_0568.jpg" n="3"/>of art have long since been recognized by our government and have placed him in the front rank as a sculptor and artist and have endeared him especially in the minds of those who are familiar with the history of our country and government. It is interesting to note that Borglum's creations possess some of the characteristics of Thorvaldsen's, and yet Borglum's creations stand strictly in a class by themselves.</p>
   <p>Gutzon Borglum is the son of Doctor James De La Mothe Borglum and Ida Michelson, and was born in 1872 in Idaho. His parents came West over the Oregon Trail and settled in Idaho as frontiers-men.</p>
   <p>He began his education in the public schools in the cities of Freemont and Omaha, Nebraska. Later he began to pursue art as a study in San Francisco. His originality began to assert itself, and he went abroad to continue his studies. In Paris he studied at the Julian Academy Elode des Beaux, where he obtained the degrees of Master of Arts and Doctor of Law. He is very <pb facs="5410780_2_0569.jpg" n="4"/>versatile and among other things shows an unusual talent for aero-dynamics. He exhibited his paintings and sculptures in a salon, of which he later was made an associate.</p>
   <p>Subsequently, he divided his time among European cities and capitals, still pursuing his art, especially sculpture.</p>
   <p>Among his various attainments are the following:</p>
   <p>Sheridan equestrian statues in Washington, D. C., and Chicago; Colossal bust of Lincoln in the rotunda of the Capital at Washington; heroic group of statuary in bronze in Newark, entitled "Wars of America;" designer of confederate memorial on the face of Stone Mountain in Georgia; designer of confederate memorial coin struck in honor of confederate soldier, and many others.</p>
   <p>Mr. Borglum has never been continuously active as a member of any one political party since the nature of his work requires him to mingle with many organizations in this country.</p>
   <pb facs="5410780_2_0570.jpg" n="5"/>
   <p>Mr. Borglum is very happily married to Mary Montgomery, who has been of great assistance to him in arranging the details of his business matters. They have two children, Mary Ellis, fourteen, and Lincoln, eighteen.</p>
   <p>He is now planning a visit to Poland, and during this visit he will unveil his bronze statue of our late President Wilson. He has stated that he is proud of his Danish ancestry and has acquired a very fluent knowledge of Danish, and takes great pride in discussing Danish matters in the mother tongue. He has also expressed his intention of visiting his ancestral castle in Jutland during the coming year.</p>
   <p>The main dedication took place at Mount Rushmore, August 10, 1927. President Coolidge was present and delivered a memorial address.</p>
   <p>The dedication ceremonies of the completed face of Washington took place on July 4, 1930, with appropriate historical addresses and a program.</p>
  </body>
 </text>
</TEI>
