<?xml version="1.0" encoding="UTF-8"?>
<?oxygen RNGSchema="../schema/flps0.2.rnc" type="compact"?>
<TEI xmlns="http://www.tei-c.org/ns/1.0">
 <teiHeader>
  <fileDesc>
   <titleStmt>
    <title>
     <bibl><title>Scrapbook</title>, pp. 44-46, of the Harmonien Singing Society.
<title level="a">[Harmonien Sends Chorus to San Francisco World's Fair]</title></bibl>
    </title>
   </titleStmt>
   <publicationStmt>
    <publisher>The Newberry Library</publisher>
    <pubPlace>Chicago, Illinois</pubPlace>
    <address>
     <addrLine>60 West Walton</addrLine>
     <addrLine>Chicago, IL 60610</addrLine>
     <addrLine>USA</addrLine>
     <addrLine>http://www.newberry.org</addrLine>
    </address>
    <idno>5410780_2_0725</idno>
   </publicationStmt>
   <notesStmt>
    <note>Transcribed from digital images contributed to the Internet
                    Archive by the University of Illinois at Urbana-Champaign.</note>
   </notesStmt>
   <sourceDesc>
    <bibl><title>Chicago Foreign Language Press Survey</title>, <date>1936-1941</date>, 
                    <sponsor>Works Projects Administration</sponsor>, 
                    <sponsor>Chicago Public Library Omnibus Project</sponsor></bibl>
    <bibl>
     <title>Chicago Foreign Language Press Survey [microform]</title>
     <sponsor>University of Illinois Urbana-Champaign</sponsor>
     <sponsor>Internet Archive</sponsor>
    </bibl>
   </sourceDesc>
  </fileDesc>
  <encodingDesc>
   <xi:include xmlns:xi="http://www.w3.org/2001/XInclude" href="../schema/flpstaxonomy.xml">
    <xi:fallback>Taxonomy file not found.</xi:fallback>
   </xi:include>
  </encodingDesc>
  <profileDesc>
   <textClass>
    <catRef target="#grp-danish"/>
    <catRef target="#grp-danish #code-II.B.1.a"/>
    <catRef target="#grp-danish #code-II.B.1.c.3"/>
    <catRef target="#grp-danish #code-III.B.3.a"/>
    <catRef target="#grp-danish #code-IV"/>
   </textClass>
  </profileDesc>
  <revisionDesc>
   
   <change when="2012-11-22">Mapped 2010 transcriptions of 5420780_2 images to 5410780_2</change>
  </revisionDesc>
 </teiHeader>
 <text>
  <front>
   <pb facs="5410780_2_0725.jpg" n="1"/>
   <div type="group">
    <list>
     <item>DANISH</item>
    </list>
   </div>
   <div type="codes">
    <list>
     <item>II B 1 a</item>
     <item>II B 1 c (3)</item>
     <item>III B 3 a</item>
     <item>IV</item>
    </list>
   </div>
   <div type="citation">
    <bibl><title>Scrapbook</title>, pp. 44-46, of the Harmonien Singing Society.
<title level="a">[HARMONIEN SENDS CHORUS TO SAN FRANCISCO WORLD'S FAIR]</title></bibl>
   </div>
  </front>
  <body>
   <p>The Harmonien Singing Society sent its San Francisco Chorus to the San Francisco World's Fair in 1915. For three years they had prepared for this event. Dr. [Max] Henius and Mr. Josef Jensen helped them with their expenses. The Chorus left Chicago May 15. On its way, the Chorus sang in Omaha, Nebraska, and Salt Lake City, Utah.</p>
   <p>On June 5 they took part in the Danish National Holiday at the World's Fair. On June 6 they sang with two other singing societies, Brage, of Oakland, and Lyren, of San Francisco. On this occasion it was the Chicago Chorus that received the most applause.</p>
   <p>The Chorus left San Francisco on June 10. The members will long cherish the memories of this trip.</p>
  </body>
 </text>
</TEI>
