<?xml version="1.0" encoding="UTF-8"?>
<?oxygen RNGSchema="../schema/flps0.2.rnc" type="compact"?>
<TEI xmlns="http://www.tei-c.org/ns/1.0">
 <teiHeader>
  <fileDesc>
   <titleStmt>
    <title>
     <bibl><title>Revyen</title>,
<date when="1913-04-19">Apr. 19, 1913</date>.
<title level="a">Thorvald Otterstrom</title><title level="a" type="sub">A Great Name in Musical Art</title></bibl>
    </title>
   </titleStmt>
   <publicationStmt>
    <publisher>The Newberry Library</publisher>
    <pubPlace>Chicago, Illinois</pubPlace>
    <address>
     <addrLine>60 West Walton</addrLine>
     <addrLine>Chicago, IL 60610</addrLine>
     <addrLine>USA</addrLine>
     <addrLine>http://www.newberry.org</addrLine>
    </address>
    <idno>5410780_2_0511</idno>
   </publicationStmt>
   <notesStmt>
    <note>Transcribed from digital images contributed to the Internet
                    Archive by the University of Illinois at Urbana-Champaign.</note>
   </notesStmt>
   <sourceDesc>
    <bibl><title>Chicago Foreign Language Press Survey</title>, <date>1936-1941</date>, 
                    <sponsor>Works Projects Administration</sponsor>, 
                    <sponsor>Chicago Public Library Omnibus Project</sponsor></bibl>
    <bibl>
     <title>Chicago Foreign Language Press Survey [microform]</title>
     <sponsor>University of Illinois Urbana-Champaign</sponsor>
     <sponsor>Internet Archive</sponsor>
    </bibl>
   </sourceDesc>
  </fileDesc>
  <encodingDesc>
   <xi:include xmlns:xi="http://www.w3.org/2001/XInclude" href="../schema/flpstaxonomy.xml">
    <xi:fallback>Taxonomy file not found.</xi:fallback>
   </xi:include>
  </encodingDesc>
  <profileDesc>
   <textClass>
    <catRef target="#grp-danish"/>
    <catRef target="#grp-danish #code-II.A.3.b"/>
    <catRef target="#grp-danish #code-IV"/>
   </textClass>
  </profileDesc>
  <revisionDesc>
   
   <change when="2012-11-22">Mapped 2010 transcriptions of 5420780_2 images to 5410780_2</change>
  </revisionDesc>
 </teiHeader>
 <text>
  <front>
   <pb facs="5410780_2_0511.jpg" n="1"/>
   <div type="group">
    <list>
     <item>DANISH</item>
    </list>
   </div>
   <div type="codes">
    <list>
     <item>II A 3 b</item>
     <item>IV</item>
    </list>
   </div>
   <div type="citation">
    <bibl><title>Revyen</title>,
<date when="1913-04-19">Apr. 19, 1913</date>.
<title level="a">THORVALD OTTERSTROM</title><title level="a" type="sub">A Great Name in Musical Art</title></bibl>
   </div>
  </front>
  <body>
   <p>No sooner has Chcicago's art-loving public finished admiring the Scandinavian painters' exhibit than attention is called to another artist who occupies a high place in the musical world, namely, Thorvald Otterstrom, the Danish pianist and composer, who now for a number of years has made his home in Chicago.</p>
   <p>His latest composition, "Eligi, Korol and Fuga," was presented for the first time at the Chicago Symphony Orchestra's Concerts last Friday and Saturday before a large and enthusiastic audience.</p>
   <p>In this work, which requires a full orchestra and organ, the composer has employed the most exclusive and noble form of composition, Canon and Fuga, and has thus a rich opportunity to demonstrate his supreme technique, <pb facs="5410780_2_0512.jpg" n="2"/>which, however, is not permitted to overshadow the purely musical aspect of the composition. It is from beginning to end characterized by a thoroughly natural modulation and development of the theme, possessing the beauty of harmony and musical coloration which is so often missing in modern composition.</p>
   <p>The presentation of this work, which is typically Scandinavian in character, became a musical event of the first order. The composer was rewarded with thundering applause and had to appear on the stage several times. American music criticsagree on placing him in the front rank among the great composers of our generation.</p>
   <p>Mr. Otterstrom was born in Copenhagen, where he also received his early musical training. Later he studied in St. Petersburg, and came to Chicago in 1898.</p>
  </body>
 </text>
</TEI>
