<?xml version="1.0" encoding="UTF-8"?>
<?oxygen RNGSchema="../schema/flps0.2.rnc" type="compact"?>
<TEI xmlns="http://www.tei-c.org/ns/1.0">
 <teiHeader>
  <fileDesc>
   <titleStmt>
    <title>
     <bibl><title>De Forenede Staters Danske Almanak</title>,
<date when="1914">1914</date>, p. 101.
<title level="a">[De Danske Vaabenbrodre]</title></bibl>
    </title>
   </titleStmt>
   <publicationStmt>
    <publisher>The Newberry Library</publisher>
    <pubPlace>Chicago, Illinois</pubPlace>
    <address>
     <addrLine>60 West Walton</addrLine>
     <addrLine>Chicago, IL 60610</addrLine>
     <addrLine>USA</addrLine>
     <addrLine>http://www.newberry.org</addrLine>
    </address>
    <idno>5410780_2_0087</idno>
   </publicationStmt>
   <notesStmt>
    <note>Transcribed from digital images contributed to the Internet
                    Archive by the University of Illinois at Urbana-Champaign.</note>
   </notesStmt>
   <sourceDesc>
    <bibl><title>Chicago Foreign Language Press Survey</title>, <date>1936-1941</date>, 
                    <sponsor>Works Projects Administration</sponsor>, 
                    <sponsor>Chicago Public Library Omnibus Project</sponsor></bibl>
    <bibl>
     <title>Chicago Foreign Language Press Survey [microform]</title>
     <sponsor>University of Illinois Urbana-Champaign</sponsor>
     <sponsor>Internet Archive</sponsor>
    </bibl>
   </sourceDesc>
  </fileDesc>
  <encodingDesc>
   <xi:include xmlns:xi="http://www.w3.org/2001/XInclude" href="../schema/flpstaxonomy.xml">
    <xi:fallback>Taxonomy file not found.</xi:fallback>
   </xi:include>
  </encodingDesc>
  <profileDesc>
   <textClass>
    <catRef target="#grp-danish"/>
    <catRef target="#grp-danish #code-I.G"/>
    <catRef target="#grp-danish #code-II.B.2.a"/>
    <catRef target="#grp-danish #code-III.D"/>
    <catRef target="#grp-danish #code-III.H"/>
   </textClass>
  </profileDesc>
  <revisionDesc>
   
   <change when="2012-11-22">Mapped 2010 transcriptions of 5420780_2 images to 5410780_2</change>
  </revisionDesc>
 </teiHeader>
 <text>
  <front>
   <pb facs="5410780_2_0087.jpg" n="1"/>
   <div type="group">
    <list>
     <item>DANISH</item>
    </list>
   </div>
   <div type="codes">
    <list>
     <item>I G</item>
     <item>II B 2 a</item>
     <item>III D</item>
     <item>III H</item>
    </list>
   </div>
   <div type="citation">
    <bibl><title>De Forenede Staters Danske Almanak</title>,
<date when="1914">1914</date>, p. 101.
<title level="a">[DE DANSKE VAABENBRODRE]</title></bibl>
   </div>
  </front>
  <body>
   <p>De Danske Vaabenbrodre (The Danish War Veterans' Society) started April 2, 1876. The aim is to keep alive the mutual memories from the years in which they were soldiers in the Danish or American army. The Society meets every second and fourth Wednesday of the month in Wabansia Hall, 1710 North California Avenue. On July 1, 1913, there were one hundred twenty-five members. Cash on hand amounts to $500. The Society has a library of six hundred volumes.</p>
  </body>
 </text>
</TEI>
