<?xml version="1.0" encoding="UTF-8"?>
<?oxygen RNGSchema="../schema/flps0.2.rnc" type="compact"?>
<TEI xmlns="http://www.tei-c.org/ns/1.0">
 <teiHeader>
  <fileDesc>
   <titleStmt>
    <title>
     <bibl><title>Revyen</title>,
<date when="1911-12-23">Dec. 23, 1911</date>.
<title level="a">Danish Round Up</title></bibl>
    </title>
   </titleStmt>
   <publicationStmt>
    <publisher>The Newberry Library</publisher>
    <pubPlace>Chicago, Illinois</pubPlace>
    <address>
     <addrLine>60 West Walton</addrLine>
     <addrLine>Chicago, IL 60610</addrLine>
     <addrLine>USA</addrLine>
     <addrLine>http://www.newberry.org</addrLine>
    </address>
    <idno>5410780_2_0627</idno>
   </publicationStmt>
   <notesStmt>
    <note>Transcribed from digital images contributed to the Internet
                    Archive by the University of Illinois at Urbana-Champaign.</note>
   </notesStmt>
   <sourceDesc>
    <bibl><title>Chicago Foreign Language Press Survey</title>, <date>1936-1941</date>, 
                    <sponsor>Works Projects Administration</sponsor>, 
                    <sponsor>Chicago Public Library Omnibus Project</sponsor></bibl>
    <bibl>
     <title>Chicago Foreign Language Press Survey [microform]</title>
     <sponsor>University of Illinois Urbana-Champaign</sponsor>
     <sponsor>Internet Archive</sponsor>
    </bibl>
   </sourceDesc>
  </fileDesc>
  <encodingDesc>
   <xi:include xmlns:xi="http://www.w3.org/2001/XInclude" href="../schema/flpstaxonomy.xml">
    <xi:fallback>Taxonomy file not found.</xi:fallback>
   </xi:include>
  </encodingDesc>
  <profileDesc>
   <textClass>
    <catRef target="#grp-danish"/>
    <catRef target="#grp-danish #code-II.A.3.d.1"/>
    <catRef target="#grp-danish #code-III.B.2"/>
    <catRef target="#grp-danish #code-IV"/>
   </textClass>
  </profileDesc>
  <revisionDesc>
   
   <change when="2012-11-22">Mapped 2010 transcriptions of 5420780_2 images to 5410780_2</change>
  </revisionDesc>
 </teiHeader>
 <text>
  <front>
   <pb facs="5410780_2_0627.jpg" n="1"/>
   <div type="group">
    <list>
     <item>DANISH</item>
    </list>
   </div>
   <div type="codes">
    <list>
     <item>II A 3 d (1)</item>
     <item>III B 2</item>
     <item>IV</item>
    </list>
   </div>
   <div type="citation">
    <bibl><title>Revyen</title>,
<date when="1911-12-23">Dec. 23, 1911</date>.
<title level="a">DANISH ROUND UP</title></bibl>
   </div>
  </front>
  <body>
   <p>A group of Danish men and women took advantage of Miss Gerda Henius' performances Monday night in the chief female role of "The Round Up," for a visit to the McVickers' Theatre in company, and with subsequent supper in the Auditorium. A committee, consisting of Messrs. Wm. Mogensen, Magnus Holm, and C. H. W. Hasselriis, had undertaken the buying of tickets to 100 of the best seats on the floor, and every one of which was sold to some Dane. There were, therefore, many will known Danes present in the theatre, with ladies elegantly gowned. As usual the theatre was crowded.</p>
   <p>Miss Henius played her role in this genuinely American melodrama with a tact and ability which explains her swiftly gained leading position. Without a doubt, she has a bright future on the stage. She was warmly applauded, not least so by her many Danish friends, and was presented with a beautiful bouquet.</p>
   <pb facs="5410780_2_0628.jpg" n="2"/>
   <p>At the supper following the play, Consul Bech presided, and a number of speakers commented on and complimented the young' homemade' star.</p>
   <p>Dr. Henius said that the evening had been one of the happiest in all his life. On his own and his wife's behalf, he thanked the audience for the honor shown his daughter.</p>
   <p>Miss Henius has recently become engaged to one of the favorites of the American scene, Rapley Holmes.</p>
  </body>
 </text>
</TEI>
