<?xml version="1.0" encoding="UTF-8"?>
<?oxygen RNGSchema="../schema/flps0.2.rnc" type="compact"?>
<TEI xmlns="http://www.tei-c.org/ns/1.0">
 <teiHeader>
  <fileDesc>
   <titleStmt>
    <title>
     <bibl><title>Scrapbook of the Harmonien Singing Society</title>.
<title level="a">[Directors of Harmonien]</title></bibl>
    </title>
   </titleStmt>
   <publicationStmt>
    <publisher>The Newberry Library</publisher>
    <pubPlace>Chicago, Illinois</pubPlace>
    <address>
     <addrLine>60 West Walton</addrLine>
     <addrLine>Chicago, IL 60610</addrLine>
     <addrLine>USA</addrLine>
     <addrLine>http://www.newberry.org</addrLine>
    </address>
    <idno>5410780_2_0560</idno>
   </publicationStmt>
   <notesStmt>
    <note>Transcribed from digital images contributed to the Internet
                    Archive by the University of Illinois at Urbana-Champaign.</note>
   </notesStmt>
   <sourceDesc>
    <bibl><title>Chicago Foreign Language Press Survey</title>, <date>1936-1941</date>, 
                    <sponsor>Works Projects Administration</sponsor>, 
                    <sponsor>Chicago Public Library Omnibus Project</sponsor></bibl>
    <bibl>
     <title>Chicago Foreign Language Press Survey [microform]</title>
     <sponsor>University of Illinois Urbana-Champaign</sponsor>
     <sponsor>Internet Archive</sponsor>
    </bibl>
   </sourceDesc>
  </fileDesc>
  <encodingDesc>
   <xi:include xmlns:xi="http://www.w3.org/2001/XInclude" href="../schema/flpstaxonomy.xml">
    <xi:fallback>Taxonomy file not found.</xi:fallback>
   </xi:include>
  </encodingDesc>
  <profileDesc>
   <textClass>
    <catRef target="#grp-danish"/>
    <catRef target="#grp-danish #code-II.A.3.b"/>
    <catRef target="#grp-danish #code-II.B.1.a"/>
    <catRef target="#grp-norwegian #code-IV"/>
    <catRef target="#grp-swedish #code-IV"/>
   </textClass>
  </profileDesc>
  <revisionDesc>
   
   <change when="2012-11-22">Mapped 2010 transcriptions of 5420780_2 images to 5410780_2</change>
  </revisionDesc>
 </teiHeader>
 <text>
  <front>
   <pb facs="5410780_2_0560.jpg" n="1"/>
   <div type="group">
    <list>
     <item>DANISH</item>
    </list>
   </div>
   <div type="codes">
    <list>
     <item>II A 3 b</item>
     <item>II B 1 a</item>
     <item>IV (Norwegian)</item>
     <item>IV (Swedish)</item>
    </list>
   </div>
   <div type="citation">
    <bibl><title>Scrapbook, of the Harmonien Singing Society</title>.
<title level="a">[DIRECTORS OF HARMONIEN]</title></bibl>
   </div>
  </front>
  <body>
   <p>Theodor Elberg, of Racine, Wisconsin, was director of the Harmonien chorus from 1893 to 1890, when he was forced to retire because of failing eyesight; Niels Petersen, from 1891 to 1893; Victor Lanzky, from 1893 to 1899. Kristian Nilsson [Norwegian] became director May 10, 1900. Emil Biorn and Ernst Lindblem Were also directors of the chorus. From 1907 until the present, with the exception of a few short intervals, Joel Mossberg [Swede] has been the beloved leader of the chorus.</p>
   <p>The three outstanding directors have been Elberg, K. Nilsson, and J. Mossberg, a Dane, a Norwegian, and a Swede.</p>
  </body>
 </text>
</TEI>
