<?xml version="1.0" encoding="UTF-8"?>
<?oxygen RNGSchema="../schema/flps0.2.rnc" type="compact"?>
<TEI xmlns="http://www.tei-c.org/ns/1.0">
 <teiHeader>
  <fileDesc>
   <titleStmt>
    <title>
     <bibl><title>Revyen</title>,
<date when="1918-02-02">Feb. 2, 1918</date>.
<title level="a">An International Banquet</title></bibl>
    </title>
   </titleStmt>
   <publicationStmt>
    <publisher>The Newberry Library</publisher>
    <pubPlace>Chicago, Illinois</pubPlace>
    <address>
     <addrLine>60 West Walton</addrLine>
     <addrLine>Chicago, IL 60610</addrLine>
     <addrLine>USA</addrLine>
     <addrLine>http://www.newberry.org</addrLine>
    </address>
    <idno>5410780_2_0056</idno>
   </publicationStmt>
   <notesStmt>
    <note>Transcribed from digital images contributed to the Internet
                    Archive by the University of Illinois at Urbana-Champaign.</note>
   </notesStmt>
   <sourceDesc>
    <bibl><title>Chicago Foreign Language Press Survey</title>, <date>1936-1941</date>, 
                    <sponsor>Works Projects Administration</sponsor>, 
                    <sponsor>Chicago Public Library Omnibus Project</sponsor></bibl>
    <bibl>
     <title>Chicago Foreign Language Press Survey [microform]</title>
     <sponsor>University of Illinois Urbana-Champaign</sponsor>
     <sponsor>Internet Archive</sponsor>
    </bibl>
   </sourceDesc>
  </fileDesc>
  <encodingDesc>
   <xi:include xmlns:xi="http://www.w3.org/2001/XInclude" href="../schema/flpstaxonomy.xml">
    <xi:fallback>Taxonomy file not found.</xi:fallback>
   </xi:include>
  </encodingDesc>
  <profileDesc>
   <textClass>
    <catRef target="#grp-danish"/>
    <catRef target="#grp-danish #code-I.G"/>
    <catRef target="#grp-danish #code-III.B.1"/>
    <catRef target="#grp-danish #code-III.H"/>
    <catRef target="#grp-danish #code-III.D"/>
    <catRef target="#grp-danish #code-I.C"/>
    <catRef target="#grp-danish #code-IV"/>
   </textClass>
  </profileDesc>
  <revisionDesc>
   
   <change when="2012-11-22">Mapped 2010 transcriptions of 5420780_2 images to 5410780_2</change>
  </revisionDesc>
 </teiHeader>
 <text>
  <front>
   <pb facs="5410780_2_0056.jpg" n="1"/>
   <div type="group">
    <list>
     <item>DANISH</item>
    </list>
   </div>
   <div type="codes">
    <list>
     <item>I G</item>
     <item>III B 1</item>
     <item>III H</item>
     <item>III D</item>
     <item>I C</item>
     <item>IV</item>
    </list>
   </div>
   <div type="citation">
    <bibl><title>Revyen</title>,
<date when="1918-02-02">Feb. 2, 1918</date>.
<title level="a">AN INTERNATIONAL BANQUET</title></bibl>
   </div>
  </front>
  <body>
   <p>Under the auspices of the National Security League, a loyalty party and banquet will be held in the La Salle Hotel, Wednesday, February 6, in honor of the American flag and all that it represents. The affair is for all nationalities and peoples of the earth, now citizens or residents of the United States. The number of guests expected is 1,500, including women as well as men, and not less than seventy-five different races and nationalities will be represented.</p>
   <p>The idea is to demonstrate how these people have found a home in this country, and are willing, if necessary, to fight and make sacrifices so that liberty, democracy and the American flag may live and prosper. Telegrams will be sent to all the represented nations throughout the world. Loyal German-Americans, Austrians, Belgians, and Turks will participate.</p>
   <pb facs="5410780_2_0057.jpg" n="2"/>
   <p>Henry L. Hertz will represent the Danes on the arrangement committee, with John C. Christensen (Dania's president), from the West Side, and E. C. Bunck from the South Side. The affair was arranged on very short notice, so only a small number of invitations were sent out, but all those attending without formal invitations will be cared for, if they will make reservations soon.</p>
  </body>
 </text>
</TEI>
