<?xml version="1.0" encoding="UTF-8"?>
<?oxygen RNGSchema="../schema/flps0.2.rnc" type="compact"?>
<TEI xmlns="http://www.tei-c.org/ns/1.0">
 <teiHeader>
  <fileDesc>
   <titleStmt>
    <title>
     <bibl><title>Revyen</title>,
<date when="1912-01-20">Jan. 20, 1912</date>.
<title level="a">Composer Thorvald Federeksen</title></bibl>
    </title>
   </titleStmt>
   <publicationStmt>
    <publisher>The Newberry Library</publisher>
    <pubPlace>Chicago, Illinois</pubPlace>
    <address>
     <addrLine>60 West Walton</addrLine>
     <addrLine>Chicago, IL 60610</addrLine>
     <addrLine>USA</addrLine>
     <addrLine>http://www.newberry.org</addrLine>
    </address>
    <idno>5410780_2_0526</idno>
   </publicationStmt>
   <notesStmt>
    <note>Transcribed from digital images contributed to the Internet
                    Archive by the University of Illinois at Urbana-Champaign.</note>
   </notesStmt>
   <sourceDesc>
    <bibl><title>Chicago Foreign Language Press Survey</title>, <date>1936-1941</date>, 
                    <sponsor>Works Projects Administration</sponsor>, 
                    <sponsor>Chicago Public Library Omnibus Project</sponsor></bibl>
    <bibl>
     <title>Chicago Foreign Language Press Survey [microform]</title>
     <sponsor>University of Illinois Urbana-Champaign</sponsor>
     <sponsor>Internet Archive</sponsor>
    </bibl>
   </sourceDesc>
  </fileDesc>
  <encodingDesc>
   <xi:include xmlns:xi="http://www.w3.org/2001/XInclude" href="../schema/flpstaxonomy.xml">
    <xi:fallback>Taxonomy file not found.</xi:fallback>
   </xi:include>
  </encodingDesc>
  <profileDesc>
   <textClass>
    <catRef target="#grp-danish"/>
    <catRef target="#grp-danish #code-II.A.3.b"/>
    <catRef target="#grp-danish #code-II.B.2.f"/>
    <catRef target="#grp-danish #code-IV"/>
   </textClass>
  </profileDesc>
  <revisionDesc>
   
   <change when="2012-11-22">Mapped 2010 transcriptions of 5420780_2 images to 5410780_2</change>
  </revisionDesc>
 </teiHeader>
 <text>
  <front>
   <pb facs="5410780_2_0526.jpg" n="1"/>
   <div type="group">
    <list>
     <item>DANISH</item>
    </list>
   </div>
   <div type="codes">
    <list>
     <item>II A 3 b</item>
     <item>II B 2 f</item>
     <item>IV</item>
    </list>
   </div>
   <div type="citation">
    <bibl><title>Revyen</title>,
<date when="1912-01-20">Jan. 20, 1912</date>.
<title level="a">COMPOSER THORVALD FEDEREKSEN</title></bibl>
   </div>
  </front>
  <body>
   <p>Mr. Thorvald Federeksen came from Denmark to Chicago a few months ago, and has recently been appointed teacher of music composition at the well-known Drake School of Music at the Auditorium. He is also teaching piano and organ privately. A collection of Mr. Fredereksen's compositions, consisting mainly of children's songs, will be published in English soon.</p>
   <p>Mr. Fredereksen has considerable experience as a chorus conductor and is going to conduct a course in sight reading and harmony. He plans to use the Belgian-Finnish method which was used very successfully in Denmark. By this method, the student, with no previous musical knowledge has learned to sing from notes without difficulty. Mr. Fredereksen has studied this new system of vocal training under the tutelage of Professor Nebelung, and is of the opinion that it will be met with enthusiasm in this country. He hopes that both <pb facs="5410780_2_0527.jpg" n="2"/>individuals and singing societies will take advantage of the new course.</p>
  </body>
 </text>
</TEI>
