<?xml version="1.0" encoding="UTF-8"?>
<?oxygen RNGSchema="../schema/flps0.2.rnc" type="compact"?>
<TEI xmlns="http://www.tei-c.org/ns/1.0">
 <teiHeader>
  <fileDesc>
   <titleStmt>
    <title>
     <bibl><title>Revyen</title>,
<date when="1905-05-27">May 27, 1905</date>.
<title level="a">[The Wahl-Henius Institute]</title></bibl>
    </title>
   </titleStmt>
   <publicationStmt>
    <publisher>The Newberry Library</publisher>
    <pubPlace>Chicago, Illinois</pubPlace>
    <address>
     <addrLine>60 West Walton</addrLine>
     <addrLine>Chicago, IL 60610</addrLine>
     <addrLine>USA</addrLine>
     <addrLine>http://www.newberry.org</addrLine>
    </address>
    <idno>5410780_2_0300</idno>
   </publicationStmt>
   <notesStmt>
    <note>Transcribed from digital images contributed to the Internet
                    Archive by the University of Illinois at Urbana-Champaign.</note>
   </notesStmt>
   <sourceDesc>
    <bibl><title>Chicago Foreign Language Press Survey</title>, <date>1936-1941</date>, 
                    <sponsor>Works Projects Administration</sponsor>, 
                    <sponsor>Chicago Public Library Omnibus Project</sponsor></bibl>
    <bibl>
     <title>Chicago Foreign Language Press Survey [microform]</title>
     <sponsor>University of Illinois Urbana-Champaign</sponsor>
     <sponsor>Internet Archive</sponsor>
    </bibl>
   </sourceDesc>
  </fileDesc>
  <encodingDesc>
   <xi:include xmlns:xi="http://www.w3.org/2001/XInclude" href="../schema/flpstaxonomy.xml">
    <xi:fallback>Taxonomy file not found.</xi:fallback>
   </xi:include>
  </encodingDesc>
  <profileDesc>
   <textClass>
    <catRef target="#grp-danish"/>
    <catRef target="#grp-danish #code-II.A.1"/>
    <catRef target="#grp-danish #code-II.B.2.d.2"/>
    <catRef target="#grp-danish #code-II.B.2.f"/>
    <catRef target="#grp-danish #code-IV"/>
   </textClass>
  </profileDesc>
  <revisionDesc>
   
   <change when="2012-11-22">Mapped 2010 transcriptions of 5420780_2 images to 5410780_2</change>
  </revisionDesc>
 </teiHeader>
 <text>
  <front>
   <pb facs="5410780_2_0300.jpg" n="1"/>
   <div type="group">
    <list>
     <item>DANISH</item>
    </list>
   </div>
   <div type="codes">
    <list>
     <item>II A 1</item>
     <item>II B 2 d (2)</item>
     <item>II B 2 f</item>
     <item>IV</item>
    </list>
   </div>
   <div type="citation">
    <bibl><title>Revyen</title>,
<date when="1905-05-27">May 27, 1905</date>.
<title level="a">[THE WAHL-HENIUS INSTITUTE]</title></bibl>
   </div>
  </front>
  <body>
   <p>On May 1 the Wahl-Henius Institute occupied its new building on the corner of Fullerton [sic] and Clinton Streets. It is a fine five-story building, which houses the brewing school and the laboratory. The brewing school is open every year from October to April.</p>
   <p>During the latter part of the eighties Max Henius and Robert Wahl started their Scientific Station for Brewing in a few rooms in a building on West Chicago Avenue. Later they moved to larger quarters and rented a building on the corner of South Water and Lake Streets. They are now publishers of the great American Brewer's Review. They have a private laboratory for the testing of beer and wine. In 1903 the Institute made 10,653 such tests for different brewers.</p>
   <p>The following Danes have been employed by the Institute: Professor Aug. Schmidt, Professor N. Hjelte Clausen and Aage Raavad. Martin Lauritzen is the engineer of the big building.</p>
  </body>
 </text>
</TEI>
