<?xml version="1.0" encoding="UTF-8"?>
<?oxygen RNGSchema="../schema/flps0.2.rnc" type="compact"?>
<TEI xmlns="http://www.tei-c.org/ns/1.0">
 <teiHeader>
  <fileDesc>
   <titleStmt>
    <title>
     <bibl><title>Skandinaven</title>,
<date when="1904-07-16">July 16, 1904</date>.
<title level="a">[The Consul Hansen]</title></bibl>
    </title>
   </titleStmt>
   <publicationStmt>
    <publisher>The Newberry Library</publisher>
    <pubPlace>Chicago, Illinois</pubPlace>
    <address>
     <addrLine>60 West Walton</addrLine>
     <addrLine>Chicago, IL 60610</addrLine>
     <addrLine>USA</addrLine>
     <addrLine>http://www.newberry.org</addrLine>
    </address>
    <idno>5410780_2_0302</idno>
   </publicationStmt>
   <notesStmt>
    <note>Transcribed from digital images contributed to the Internet
                    Archive by the University of Illinois at Urbana-Champaign.</note>
   </notesStmt>
   <sourceDesc>
    <bibl><title>Chicago Foreign Language Press Survey</title>, <date>1936-1941</date>, 
                    <sponsor>Works Projects Administration</sponsor>, 
                    <sponsor>Chicago Public Library Omnibus Project</sponsor></bibl>
    <bibl>
     <title>Chicago Foreign Language Press Survey [microform]</title>
     <sponsor>University of Illinois Urbana-Champaign</sponsor>
     <sponsor>Internet Archive</sponsor>
    </bibl>
   </sourceDesc>
  </fileDesc>
  <encodingDesc>
   <xi:include xmlns:xi="http://www.w3.org/2001/XInclude" href="../schema/flpstaxonomy.xml">
    <xi:fallback>Taxonomy file not found.</xi:fallback>
   </xi:include>
  </encodingDesc>
  <profileDesc>
   <textClass>
    <catRef target="#grp-danish"/>
    <catRef target="#grp-danish #code-II.A.1"/>
    <catRef target="#grp-danish #code-I.D.1.a"/>
    <catRef target="#grp-danish #code-II.D.5"/>
    <catRef target="#grp-danish #code-IV"/>
   </textClass>
  </profileDesc>
  <revisionDesc>
   
   <change when="2012-11-22">Mapped 2010 transcriptions of 5420780_2 images to 5410780_2</change>
  </revisionDesc>
 </teiHeader>
 <text>
  <front>
   <pb facs="5410780_2_0302.jpg" n="1"/>
   <div type="group">
    <list>
     <item>DANISH</item>
    </list>
   </div>
   <div type="codes">
    <list>
     <item>II A 1</item>
     <item>I D 1 a</item>
     <item>II D 5</item>
     <item>IV</item>
    </list>
   </div>
   <div type="citation">
    <bibl><title>Scandinaven</title>,
<date when="1904-07-16">July 16, 1904</date>.
<title level="a">[THE CONSUL HANSEN]</title></bibl>
   </div>
  </front>
  <body>
   <p>The Danish consul, C. H. Hansen, was decorated by the Danish king with the cross of the Knight of Dannebrog. Consul Hansen was born in Denmark in 1842. In 1865 he started an engraving and rubber stamp factory at S. Water Street. After the big fire he moved his business to Clark Street. He employed about 125 men. Mrs. Hansen was also born in Denmark, and she is the president of the Danish Old People's Home. Mr. Hansen is on the board of directors. They have two sons and one daughter. Mr. Hansen was appointed Danish consul after the death of consul Dreyer. Consul Hansen is very much liked by all his country-men; he is a fine representative for the Kingdom of Denmark, always ready to help new-comers.</p>
  </body>
 </text>
</TEI>
