<?xml version="1.0" encoding="UTF-8"?>
<?oxygen RNGSchema="../schema/flps0.2.rnc" type="compact"?>
<TEI xmlns="http://www.tei-c.org/ns/1.0">
 <teiHeader>
  <fileDesc>
   <titleStmt>
    <title>
     <bibl><title>Skandinaven</title>,
<date when="1902-03-09">Mar. 9, 1902</date>.
<title level="a">Dr. Christian Fenger</title></bibl>
    </title>
   </titleStmt>
   <publicationStmt>
    <publisher>The Newberry Library</publisher>
    <pubPlace>Chicago, Illinois</pubPlace>
    <address>
     <addrLine>60 West Walton</addrLine>
     <addrLine>Chicago, IL 60610</addrLine>
     <addrLine>USA</addrLine>
     <addrLine>http://www.newberry.org</addrLine>
    </address>
    <idno>5410780_2_0306</idno>
   </publicationStmt>
   <notesStmt>
    <note>Transcribed from digital images contributed to the Internet
                    Archive by the University of Illinois at Urbana-Champaign.</note>
   </notesStmt>
   <sourceDesc>
    <bibl><title>Chicago Foreign Language Press Survey</title>, <date>1936-1941</date>, 
                    <sponsor>Works Projects Administration</sponsor>, 
                    <sponsor>Chicago Public Library Omnibus Project</sponsor></bibl>
    <bibl>
     <title>Chicago Foreign Language Press Survey [microform]</title>
     <sponsor>University of Illinois Urbana-Champaign</sponsor>
     <sponsor>Internet Archive</sponsor>
    </bibl>
   </sourceDesc>
  </fileDesc>
  <encodingDesc>
   <xi:include xmlns:xi="http://www.w3.org/2001/XInclude" href="../schema/flpstaxonomy.xml">
    <xi:fallback>Taxonomy file not found.</xi:fallback>
   </xi:include>
  </encodingDesc>
  <profileDesc>
   <textClass>
    <catRef target="#grp-danish"/>
    <catRef target="#grp-danish #code-II.A.1"/>
    <catRef target="#grp-danish #code-IV"/>
   </textClass>
  </profileDesc>
  <revisionDesc>
   
   <change when="2012-11-22">Mapped 2010 transcriptions of 5420780_2 images to 5410780_2</change>
  </revisionDesc>
 </teiHeader>
 <text>
  <front>
   <pb facs="5410780_2_0306.jpg" n="1"/>
   <div type="group">
    <list>
     <item>DANISH</item>
    </list>
   </div>
   <div type="codes">
    <list>
     <item>II A 1</item>
     <item>IV</item>
    </list>
   </div>
   <div type="citation">
    <bibl><title>Skandinaven (Daily Edition)</title>,
<date when="1902-03-09">Mar. 9, 1902</date>.
<title level="a">DR. CHRISTIAN FENGER</title></bibl>
   </div>
  </front>
  <body>
   <p>Dr. Christian Fenger was born in Copenhagen, Denmark, November 3, 1847. He enlisted in the Danish-Prussian War in 1864, where he became regimental surgeon. After his return to Copenhagen he became assistant at the Copenhagen eye clinic.</p>
   <p>The Franco-Prussian War started in 1870 and Dr. Fenger became a surgeon for the Red Cross. He functioned throughout the war.</p>
   <p>In 1873 he became professor of Surgery at the University of Copenhagen. He was a member of the International Sanitary Bureau in 1874, and functioned in Cairo, Egypt until 1877 when he came to Chicago.</p>
   <p>He was attached to the staff of the Cook County Hospital of Chicago in 1878; Curator at the Rush Medical College Museum in 1880; teacher at the College of Physicians and Surgeons [now University of Illinois] in 1884; <pb facs="5410780_2_0307.jpg" n="2"/>professor at the Chicago Medical College in 1893; professor at Rush Medical College in 1899. At all of the above institutions Dr. Fenger specialized in surgery.</p>
   <p>He has been a member of the staffs of the following hospitals: Cook County, Tabitha, Presbyterian, Passavant Memorial, the Lutheran Hospital, the German Hospital, and the German-American Hospital.</p>
   <p>Dr. Fenger, wrote several books on surgery, antiseptics, medicine, and anesthetics. He was a contributor to several medicinal and scientific journals. The articles from his pen are considered outstanding in this field.</p>
   <p>He was a member of the Order of Dannebrog, bestowed by the king of Denmark a few years ago. He was an international figure, and had traveled extensively.</p>
  </body>
 </text>
</TEI>
