<?xml version="1.0" encoding="UTF-8"?>
<?oxygen RNGSchema="../schema/flps0.2.rnc" type="compact"?>
<TEI xmlns="http://www.tei-c.org/ns/1.0">
 <teiHeader>
  <fileDesc>
   <titleStmt>
    <title>
     <bibl><title>Album of Genealogy and Biography</title>, 1899.
<title level="a">[Peter P. Reisenhus]</title></bibl>
    </title>
   </titleStmt>
   <publicationStmt>
    <publisher>The Newberry Library</publisher>
    <pubPlace>Chicago, Illinois</pubPlace>
    <address>
     <addrLine>60 West Walton</addrLine>
     <addrLine>Chicago, IL 60610</addrLine>
     <addrLine>USA</addrLine>
     <addrLine>http://www.newberry.org</addrLine>
    </address>
    <idno>5410780_2_0429</idno>
   </publicationStmt>
   <notesStmt>
    <note>Transcribed from digital images contributed to the Internet
                    Archive by the University of Illinois at Urbana-Champaign.</note>
   </notesStmt>
   <sourceDesc>
    <bibl><title>Chicago Foreign Language Press Survey</title>, <date>1936-1941</date>, 
                    <sponsor>Works Projects Administration</sponsor>, 
                    <sponsor>Chicago Public Library Omnibus Project</sponsor></bibl>
    <bibl>
     <title>Chicago Foreign Language Press Survey [microform]</title>
     <sponsor>University of Illinois Urbana-Champaign</sponsor>
     <sponsor>Internet Archive</sponsor>
    </bibl>
   </sourceDesc>
  </fileDesc>
  <encodingDesc>
   <xi:include xmlns:xi="http://www.w3.org/2001/XInclude" href="../schema/flpstaxonomy.xml">
    <xi:fallback>Taxonomy file not found.</xi:fallback>
   </xi:include>
  </encodingDesc>
  <profileDesc>
   <textClass>
    <catRef target="#grp-danish"/>
    <catRef target="#grp-danish #code-II.A.2"/>
    <catRef target="#grp-danish #code-IV"/>
   </textClass>
  </profileDesc>
  <revisionDesc>
   
   <change when="2012-11-22">Mapped 2010 transcriptions of 5420780_2 images to 5410780_2</change>
  </revisionDesc>
 </teiHeader>
 <text>
  <front>
   <pb facs="5410780_2_0429.jpg" n="1"/>
   <div type="group">
    <list>
     <item>DANISH</item>
    </list>
   </div>
   <div type="codes">
    <list>
     <item>II A 2</item>
     <item>IV</item>
    </list>
   </div>
   <div type="citation">
    <bibl><title>Album of Genealogy and Biography</title>, 1899.
<title level="a">[PETER P. REISENHUS]</title></bibl>
   </div>
  </front>
  <body>
   <p>Peter P. Reisenhus, president of the American Glove Company, was born May 16, 1859 at Undrup, Jutlan, Denmark.</p>
   <p>In 1866 the family moved to Fovling where Peter attened public school. When Peter was fourteen he was sent to Horsens and apprenticed for five years for a large mercantile establishment, at the same time he attended a commercial college, where he learned English and German, bookkeepking and correspondence. In may 1880 he went to Newcastle, England, and then to Liverpool. He arrived in Chicago, September 1, 1880 with two dollars in his pocket. He was bookkeeper for the firm of Mattson &amp; Aeppli from 1881 to 1890 when they failed. In February, 1890, in company with his brother, Henry Reisenhus, and others, he organized the American Glove Company. He was made president and treasurer. H.P. Reisenhus became the secretary. In 1891 they built their present factory at 325-331 Blcomingdale Ave.</p>
  </body>
 </text>
</TEI>
