<?xml version="1.0" encoding="UTF-8"?>
<?oxygen RNGSchema="../schema/flps0.2.rnc" type="compact"?>
<TEI xmlns="http://www.tei-c.org/ns/1.0">
 <teiHeader>
  <fileDesc>
   <titleStmt>
    <title>
     <bibl><title>Dansk Tidende</title>,
<date when="1925-08-21">Aug. 21, 1925</date>.
<title level="a">[Noted Baritone Joins Conservatory Staff]</title></bibl>
    </title>
   </titleStmt>
   <publicationStmt>
    <publisher>The Newberry Library</publisher>
    <pubPlace>Chicago, Illinois</pubPlace>
    <address>
     <addrLine>60 West Walton</addrLine>
     <addrLine>Chicago, IL 60610</addrLine>
     <addrLine>USA</addrLine>
     <addrLine>http://www.newberry.org</addrLine>
    </address>
    <idno>5410780_2_0478</idno>
   </publicationStmt>
   <notesStmt>
    <note>Transcribed from digital images contributed to the Internet
                    Archive by the University of Illinois at Urbana-Champaign.</note>
   </notesStmt>
   <sourceDesc>
    <bibl><title>Chicago Foreign Language Press Survey</title>, <date>1936-1941</date>, 
                    <sponsor>Works Projects Administration</sponsor>, 
                    <sponsor>Chicago Public Library Omnibus Project</sponsor></bibl>
    <bibl>
     <title>Chicago Foreign Language Press Survey [microform]</title>
     <sponsor>University of Illinois Urbana-Champaign</sponsor>
     <sponsor>Internet Archive</sponsor>
    </bibl>
   </sourceDesc>
  </fileDesc>
  <encodingDesc>
   <xi:include xmlns:xi="http://www.w3.org/2001/XInclude" href="../schema/flpstaxonomy.xml">
    <xi:fallback>Taxonomy file not found.</xi:fallback>
   </xi:include>
  </encodingDesc>
  <profileDesc>
   <textClass>
    <catRef target="#grp-danish"/>
    <catRef target="#grp-danish #code-II.A.3.b"/>
    <catRef target="#grp-danish #code-II.A.1"/>
   </textClass>
  </profileDesc>
  <revisionDesc>
   
   <change when="2012-11-22">Mapped 2010 transcriptions of 5420780_2 images to 5410780_2</change>
  </revisionDesc>
 </teiHeader>
 <text>
  <front>
   <pb facs="5410780_2_0478.jpg" n="1"/>
   <div type="group">
    <list>
     <item>DANISH</item>
    </list>
   </div>
   <div type="codes">
    <list>
     <item>II A 3 b</item>
     <item>II A 1</item>
    </list>
   </div>
   <div type="citation">
    <bibl><title>Dansk Tidende (Danish Times)</title>,
<date when="1925-08-21">Aug. 21, 1925</date>.
<title level="a">[NOTED BARITONE JOINS CONSERVATORY STAFF]</title></bibl>
   </div>
  </front>
  <body>
   <p>Opera Singer Poul Bay has obtained a position as teacher in music at the Bush Conservatory, a position previously held by the late Clark. Poul Bay will begin his duties at the Conservatory about September 14, and will thus become a member of a staff of teachers regarded as one of the very best in the country.</p>
   <p>Most Danes have had a chance to hear Poul Bay's magnificent baritone and when he sings for us again in Kimball Hall on October 22, accompanied by Edgar Nielsen, he can expect a great audience.</p>
  </body>
 </text>
</TEI>
