<?xml version="1.0" encoding="UTF-8"?>
<?oxygen RNGSchema="../schema/flps0.2.rnc" type="compact"?>
<TEI xmlns="http://www.tei-c.org/ns/1.0">
 <teiHeader>
  <fileDesc>
   <titleStmt>
    <title>
     <bibl><title>Revyen</title>,
<date when="1909-02-27">Feb. 27, 1909</date>.
<title level="a">[News from the Danish Stage]</title></bibl>
    </title>
   </titleStmt>
   <publicationStmt>
    <publisher>The Newberry Library</publisher>
    <pubPlace>Chicago, Illinois</pubPlace>
    <address>
     <addrLine>60 West Walton</addrLine>
     <addrLine>Chicago, IL 60610</addrLine>
     <addrLine>USA</addrLine>
     <addrLine>http://www.newberry.org</addrLine>
    </address>
    <idno>5410780_2_0645</idno>
   </publicationStmt>
   <notesStmt>
    <note>Transcribed from digital images contributed to the Internet
                    Archive by the University of Illinois at Urbana-Champaign.</note>
   </notesStmt>
   <sourceDesc>
    <bibl><title>Chicago Foreign Language Press Survey</title>, <date>1936-1941</date>, 
                    <sponsor>Works Projects Administration</sponsor>, 
                    <sponsor>Chicago Public Library Omnibus Project</sponsor></bibl>
    <bibl>
     <title>Chicago Foreign Language Press Survey [microform]</title>
     <sponsor>University of Illinois Urbana-Champaign</sponsor>
     <sponsor>Internet Archive</sponsor>
    </bibl>
   </sourceDesc>
  </fileDesc>
  <encodingDesc>
   <xi:include xmlns:xi="http://www.w3.org/2001/XInclude" href="../schema/flpstaxonomy.xml">
    <xi:fallback>Taxonomy file not found.</xi:fallback>
   </xi:include>
  </encodingDesc>
  <profileDesc>
   <textClass>
    <catRef target="#grp-danish"/>
    <catRef target="#grp-danish #code-II.A.3.d.1"/>
    <catRef target="#grp-danish #code-III.B.2"/>
   </textClass>
  </profileDesc>
  <revisionDesc>
   
   <change when="2012-11-22">Mapped 2010 transcriptions of 5420780_2 images to 5410780_2</change>
  </revisionDesc>
 </teiHeader>
 <text>
  <front>
   <pb facs="5410780_2_0645.jpg" n="1"/>
   <div type="group">
    <list>
     <item>DANISH</item>
    </list>
   </div>
   <div type="codes">
    <list>
     <item>II A 3 d (1)</item>
     <item>III B 2</item>
    </list>
   </div>
   <div type="citation">
    <bibl><title>Revyen</title>,
<date when="1909-02-27">Feb. 27, 1909</date>.
<title level="a">[NEWS FROM THE DANISH STAGE]</title></bibl>
   </div>
  </front>
  <body>
   <p>The play, "Den Kaere Familie," was a great success; it was played in the Garrick Theatre on February 21. A prologue written by the poet, L. C. Nielsen, was well read by Carl Antonsen. Miss Harriet Hertz sang a couple of songs. The best actor was Carl Antonsen as Friherre Claes. Among the other players were: Mrs. Carl Antonsen, who was very nervous at the start; Miss Magna Petersen, Tom Andersen, Alb. Kear, A. M. Petersen, Edw. Petersen, Thv. Sommer, Mr. Didrichsen, Emanuel Johansen, and Miss Gerda Henius. The play was well done and the result was that Chicago saw the greatest theatre crowd of Chicago-Danes that has been seen since the visit of Mrs. Oda Nielsen, a famous Danish actress from Copenhagen.</p>
   <p>It is to be hoped that Danish-American Association soon will give another play and thus once more set a good example for all Danish amateur-players in Chicago.</p>
  </body>
 </text>
</TEI>
