<?xml version="1.0" encoding="UTF-8"?>
<?oxygen RNGSchema="../schema/flps0.2.rnc" type="compact"?>
<TEI xmlns="http://www.tei-c.org/ns/1.0">
 <teiHeader>
  <fileDesc>
   <titleStmt>
    <title>
     <bibl><title>Revyen</title>,
<date when="1912-02-03">Feb. 3, 1912</date>.
<title level="a">"A House Divided"</title></bibl>
    </title>
   </titleStmt>
   <publicationStmt>
    <publisher>The Newberry Library</publisher>
    <pubPlace>Chicago, Illinois</pubPlace>
    <address>
     <addrLine>60 West Walton</addrLine>
     <addrLine>Chicago, IL 60610</addrLine>
     <addrLine>USA</addrLine>
     <addrLine>http://www.newberry.org</addrLine>
    </address>
    <idno>5410780_2_0625</idno>
   </publicationStmt>
   <notesStmt>
    <note>Transcribed from digital images contributed to the Internet
                    Archive by the University of Illinois at Urbana-Champaign.</note>
   </notesStmt>
   <sourceDesc>
    <bibl><title>Chicago Foreign Language Press Survey</title>, <date>1936-1941</date>, 
                    <sponsor>Works Projects Administration</sponsor>, 
                    <sponsor>Chicago Public Library Omnibus Project</sponsor></bibl>
    <bibl>
     <title>Chicago Foreign Language Press Survey [microform]</title>
     <sponsor>University of Illinois Urbana-Champaign</sponsor>
     <sponsor>Internet Archive</sponsor>
    </bibl>
   </sourceDesc>
  </fileDesc>
  <encodingDesc>
   <xi:include xmlns:xi="http://www.w3.org/2001/XInclude" href="../schema/flpstaxonomy.xml">
    <xi:fallback>Taxonomy file not found.</xi:fallback>
   </xi:include>
  </encodingDesc>
  <profileDesc>
   <textClass>
    <catRef target="#grp-danish"/>
    <catRef target="#grp-danish #code-II.A.3.d.1"/>
    <catRef target="#grp-danish #code-IV"/>
   </textClass>
  </profileDesc>
  <revisionDesc>
   
   <change when="2012-11-22">Mapped 2010 transcriptions of 5420780_2 images to 5410780_2</change>
  </revisionDesc>
 </teiHeader>
 <text>
  <front>
   <pb facs="5410780_2_0625.jpg" n="1"/>
   <div type="group">
    <list>
     <item>DANISH</item>
    </list>
   </div>
   <div type="codes">
    <list>
     <item>II A 3 d (1)</item>
     <item>IV</item>
    </list>
   </div>
   <div type="citation">
    <bibl><title>Revyen</title>,
<date when="1912-02-03">Feb. 3, 1912</date>.
<title level="a">"A HOUSE DIVIDED"</title></bibl>
   </div>
  </front>
  <body>
   <p>The premiere of the new comedy, "A House Divided," by H. S. Sheldon, a Danish-American, was presented last Monday at the Whitney Opera House.</p>
   <p>"A House Divided" is not characterized by the same piquant nervous tension of "The Havoc" and it was not carried to dizzy heights by a master such as Henry Miller. It is an average play, defending sound, moral, and human virtues. It appeals to your sympathy and emotions and ends happily. Being well written and rich with humor, the play has perhaps a better chance to succeed than its more formal predecessor.</p>
   <pb facs="5410780_2_0626.jpg" n="2"/>
   <p>The theatre was filled to capacity and at times the audience became extremely enthusiastic. At the close of each act the performers had to appear again and again. At the end of the third act, the audience applauded for about fifteen minutes but Sheldon was too modest to appear and take a bow...</p>
   <p>...The play should appeal particularly to Danes, because it is one of our own members who has a successful start on the road of dramatics.</p>
  </body>
 </text>
</TEI>
