<?xml version="1.0" encoding="UTF-8"?>
<?oxygen RNGSchema="../schema/flps0.2.rnc" type="compact"?>
<TEI xmlns="http://www.tei-c.org/ns/1.0">
 <teiHeader>
  <fileDesc>
   <titleStmt>
    <title>
     <bibl><title>Scrapbook of the Harmonien Singing Society</title>.
<title level="a">[Danish Celebrities Entertained by Harmonien]</title></bibl>
    </title>
   </titleStmt>
   <publicationStmt>
    <publisher>The Newberry Library</publisher>
    <pubPlace>Chicago, Illinois</pubPlace>
    <address>
     <addrLine>60 West Walton</addrLine>
     <addrLine>Chicago, IL 60610</addrLine>
     <addrLine>USA</addrLine>
     <addrLine>http://www.newberry.org</addrLine>
    </address>
    <idno>5410780_2_0659</idno>
   </publicationStmt>
   <notesStmt>
    <note>Transcribed from digital images contributed to the Internet
                    Archive by the University of Illinois at Urbana-Champaign.</note>
   </notesStmt>
   <sourceDesc>
    <bibl><title>Chicago Foreign Language Press Survey</title>, <date>1936-1941</date>, 
                    <sponsor>Works Projects Administration</sponsor>, 
                    <sponsor>Chicago Public Library Omnibus Project</sponsor></bibl>
    <bibl>
     <title>Chicago Foreign Language Press Survey [microform]</title>
     <sponsor>University of Illinois Urbana-Champaign</sponsor>
     <sponsor>Internet Archive</sponsor>
    </bibl>
   </sourceDesc>
  </fileDesc>
  <encodingDesc>
   <xi:include xmlns:xi="http://www.w3.org/2001/XInclude" href="../schema/flpstaxonomy.xml">
    <xi:fallback>Taxonomy file not found.</xi:fallback>
   </xi:include>
  </encodingDesc>
  <profileDesc>
   <textClass>
    <catRef target="#grp-danish"/>
    <catRef target="#grp-danish #code-II.B.1.a"/>
    <catRef target="#grp-danish #code-III.H"/>
   </textClass>
  </profileDesc>
  <revisionDesc>
   
   <change when="2012-11-22">Mapped 2010 transcriptions of 5420780_2 images to 5410780_2</change>
  </revisionDesc>
 </teiHeader>
 <text>
  <front>
   <pb facs="5410780_2_0659.jpg" n="1"/>
   <div type="group">
    <list>
     <item>DANISH</item>
    </list>
   </div>
   <div type="codes">
    <list>
     <item>II B 1 a</item>
     <item>III H</item>
    </list>
   </div>
   <div type="citation">
    <bibl><title>Scrapbook, of the Harmonien Singing Society</title>.
<title level="a">[DANISH CELEBRITIES ENTERTAINED BY HARMONIEN]</title></bibl>
   </div>
  </front>
  <body>
   <p>During the fifty years of its existence Harmonien has been host to many Danish celebrities who have visited Chicago. On June 5, 1896, it entertained Valborg Andersen, actress from Copenhagen; On August 15, 1897, Elizabeth Riis, actress from Copenhagen; on May 4, 1900, Holger Drachmann, the famous Danish poet; on July 22, 1903, Peter Fjelstrup, an actor; on June 1, 1911, the Danish Student Choir (of which there were fifty members) ; on June 11, 1913, L. C. Nielsen, the Danish poet; on October 30, 1925, Johannes Fonss, the famous bass singer; and in November, 1935, and 1936, Lauritz Melchior, the world-famous opera singer.</p>
   <p>These visits and gala evenings have done much to keep alive, in the Danes of Chicago, their love of their native country.</p>
  </body>
 </text>
</TEI>
