<?xml version="1.0" encoding="UTF-8"?>
<?oxygen RNGSchema="../schema/flps0.2.rnc" type="compact"?>
<TEI xmlns="http://www.tei-c.org/ns/1.0">
 <teiHeader>
  <fileDesc>
   <titleStmt>
    <title>
     <bibl><title>Revyen</title>,
<date when="1909-10-23">Oct. 23, 1909</date>.
<title level="a">[Scandinavian-American Medical Society's Annual Meeting]</title></bibl>
    </title>
   </titleStmt>
   <publicationStmt>
    <publisher>The Newberry Library</publisher>
    <pubPlace>Chicago, Illinois</pubPlace>
    <address>
     <addrLine>60 West Walton</addrLine>
     <addrLine>Chicago, IL 60610</addrLine>
     <addrLine>USA</addrLine>
     <addrLine>http://www.newberry.org</addrLine>
    </address>
    <idno>5410780_2_0280</idno>
   </publicationStmt>
   <notesStmt>
    <note>Transcribed from digital images contributed to the Internet
                    Archive by the University of Illinois at Urbana-Champaign.</note>
   </notesStmt>
   <sourceDesc>
    <bibl><title>Chicago Foreign Language Press Survey</title>, <date>1936-1941</date>, 
                    <sponsor>Works Projects Administration</sponsor>, 
                    <sponsor>Chicago Public Library Omnibus Project</sponsor></bibl>
    <bibl>
     <title>Chicago Foreign Language Press Survey [microform]</title>
     <sponsor>University of Illinois Urbana-Champaign</sponsor>
     <sponsor>Internet Archive</sponsor>
    </bibl>
   </sourceDesc>
  </fileDesc>
  <encodingDesc>
   <xi:include xmlns:xi="http://www.w3.org/2001/XInclude" href="../schema/flpstaxonomy.xml">
    <xi:fallback>Taxonomy file not found.</xi:fallback>
   </xi:include>
  </encodingDesc>
  <profileDesc>
   <textClass>
    <catRef target="#grp-danish"/>
    <catRef target="#grp-danish #code-II.A.1"/>
    <catRef target="#grp-danish #code-IV"/>
    <catRef target="#grp-norwegian #code-II.A.1"/>
    <catRef target="#grp-swedish #code-II.A.1"/>
   </textClass>
  </profileDesc>
  <revisionDesc>
   
   <change when="2012-11-22">Mapped 2010 transcriptions of 5420780_2 images to 5410780_2</change>
  </revisionDesc>
 </teiHeader>
 <text>
  <front>
   <pb facs="5410780_2_0280.jpg" n="1"/>
   <div type="group">
    <list>
     <item>DANISH</item>
    </list>
   </div>
   <div type="codes">
    <list>
     <item>II A 1</item>
     <item>IV</item>
     <item>II A 1 (Norwegian)</item>
     <item>II A 1 (Swedish)</item>
    </list>
   </div>
   <div type="citation">
    <bibl><title>Revyen</title>,
<date when="1909-10-23">Oct. 23, 1909</date>.
<title level="a">[SCANDINAVIAN-AMERICAN MEDICAL SOCIETY'S ANNUAL MEETING]</title></bibl>
   </div>
  </front>
  <body>
   <p>p.2.col.4.... The Scandinavian American Medical Society convened at "The Tavern" on Thursday P.M.,Oct. 21st,for their annual meeting. Our countrymen Dr. Svenning Dohl and Dr. Andreas Klorstad were elected President and Vice-president, respectively.</p>
   <p>An elegant dinner followed the business meeting and was attended by over forty of Chicago's prominent Scandinavian men of medicine. Dr. Dahl introduced the speaker of the evening, Judge Going of the Chicago municipal court. Judge Going spoke very highly of the ability of our Scandinavian doctors and their contribution to the betterment of life conditions even outside the medical benefits. An honored out of town guest was Dr. A.S.Hansen, Danish physician and surgeon from Cedar Falls, Iowa.</p>
  </body>
 </text>
</TEI>
