<?xml version="1.0" encoding="UTF-8"?>
<?oxygen RNGSchema="../schema/flps0.2.rnc" type="compact"?>
<TEI xmlns="http://www.tei-c.org/ns/1.0">
 <teiHeader>
  <fileDesc>
   <titleStmt>
    <title>
     <bibl><title>Revyen</title>,
<date when="1918-01-05">Jan. 5, 1918</date>.
<title level="a">Danish-American Piano Industry</title></bibl>
    </title>
   </titleStmt>
   <publicationStmt>
    <publisher>The Newberry Library</publisher>
    <pubPlace>Chicago, Illinois</pubPlace>
    <address>
     <addrLine>60 West Walton</addrLine>
     <addrLine>Chicago, IL 60610</addrLine>
     <addrLine>USA</addrLine>
     <addrLine>http://www.newberry.org</addrLine>
    </address>
    <idno>5410780_2_0357</idno>
   </publicationStmt>
   <notesStmt>
    <note>Transcribed from digital images contributed to the Internet
                    Archive by the University of Illinois at Urbana-Champaign.</note>
   </notesStmt>
   <sourceDesc>
    <bibl><title>Chicago Foreign Language Press Survey</title>, <date>1936-1941</date>, 
                    <sponsor>Works Projects Administration</sponsor>, 
                    <sponsor>Chicago Public Library Omnibus Project</sponsor></bibl>
    <bibl>
     <title>Chicago Foreign Language Press Survey [microform]</title>
     <sponsor>University of Illinois Urbana-Champaign</sponsor>
     <sponsor>Internet Archive</sponsor>
    </bibl>
   </sourceDesc>
  </fileDesc>
  <encodingDesc>
   <xi:include xmlns:xi="http://www.w3.org/2001/XInclude" href="../schema/flpstaxonomy.xml">
    <xi:fallback>Taxonomy file not found.</xi:fallback>
   </xi:include>
  </encodingDesc>
  <profileDesc>
   <textClass>
    <catRef target="#grp-danish"/>
    <catRef target="#grp-danish #code-II.A.2"/>
    <catRef target="#grp-danish #code-I.D.1.b"/>
    <catRef target="#grp-danish #code-I.G"/>
   </textClass>
  </profileDesc>
  <revisionDesc>
   
   <change when="2012-11-22">Mapped 2010 transcriptions of 5420780_2 images to 5410780_2</change>
  </revisionDesc>
 </teiHeader>
 <text>
  <front>
   <pb facs="5410780_2_0357.jpg" n="1"/>
   <div type="group">
    <list>
     <item>DANISH</item>
    </list>
   </div>
   <div type="codes">
    <list>
     <item>II A 2</item>
     <item>I D 1 b</item>
     <item>I G</item>
    </list>
   </div>
   <div type="citation">
    <bibl><title>Revyen</title>,
<date when="1918-01-05">Jan. 5, 1918</date>.
<title level="a">DANISH-AMERICAN PIANO INDUSTRY</title></bibl>
   </div>
  </front>
  <body>
   <p>Even though the War has caused much hardship for business, such as, high prices and difficulties in getting sufficient labor, poor transportation, etc., we find great activity within the piano factory of Marry C. Bay our countryman, whose office still can be found on Lake Street, while the factory has been moved to Bluffton, Indiana. He employs about 450 workers, and produces a minimum of 350 pianos per month, of which about one-third are players.</p>
   <p>The firm name has been changed from Drachmann to M. C. Bay and Company. Drachmann is still used as the trade-mark on pianos as well as players, and the product is well known throughout the country.</p>
   <pb facs="5410780_2_0358.jpg" n="2"/>
   <p>Next door to the offices part of the old factory is being used as a machine shop, where the pianos are exhibited and the expensive players are operated day and night, to show the different mechanical metal parts in operation.</p>
  </body>
 </text>
</TEI>
