<?xml version="1.0" encoding="UTF-8"?>
<?oxygen RNGSchema="../schema/flps0.2.rnc" type="compact"?>
<TEI xmlns="http://www.tei-c.org/ns/1.0">
 <teiHeader>
  <fileDesc>
   <titleStmt>
    <title>
     <bibl><title>Revyen</title>,
<date when="1918-08-31">Aug. 31, 1918</date>.
<title level="a">A Danish-American Appointed Superintendent of Chicago Schools</title></bibl>
    </title>
   </titleStmt>
   <publicationStmt>
    <publisher>The Newberry Library</publisher>
    <pubPlace>Chicago, Illinois</pubPlace>
    <address>
     <addrLine>60 West Walton</addrLine>
     <addrLine>Chicago, IL 60610</addrLine>
     <addrLine>USA</addrLine>
     <addrLine>http://www.newberry.org</addrLine>
    </address>
    <idno>5410780_2_0258</idno>
   </publicationStmt>
   <notesStmt>
    <note>Transcribed from digital images contributed to the Internet
                    Archive by the University of Illinois at Urbana-Champaign.</note>
   </notesStmt>
   <sourceDesc>
    <bibl><title>Chicago Foreign Language Press Survey</title>, <date>1936-1941</date>, 
                    <sponsor>Works Projects Administration</sponsor>, 
                    <sponsor>Chicago Public Library Omnibus Project</sponsor></bibl>
    <bibl>
     <title>Chicago Foreign Language Press Survey [microform]</title>
     <sponsor>University of Illinois Urbana-Champaign</sponsor>
     <sponsor>Internet Archive</sponsor>
    </bibl>
   </sourceDesc>
  </fileDesc>
  <encodingDesc>
   <xi:include xmlns:xi="http://www.w3.org/2001/XInclude" href="../schema/flpstaxonomy.xml">
    <xi:fallback>Taxonomy file not found.</xi:fallback>
   </xi:include>
  </encodingDesc>
  <profileDesc>
   <textClass>
    <catRef target="#grp-danish"/>
    <catRef target="#grp-danish #code-II.A.1"/>
    <catRef target="#grp-danish #code-I.F.5"/>
    <catRef target="#grp-danish #code-IV"/>
   </textClass>
  </profileDesc>
  <revisionDesc>
   
   <change when="2012-11-22">Mapped 2010 transcriptions of 5420780_2 images to 5410780_2</change>
  </revisionDesc>
 </teiHeader>
 <text>
  <front>
   <pb facs="5410780_2_0258.jpg" n="1"/>
   <div type="group">
    <list>
     <item>DANISH</item>
    </list>
   </div>
   <div type="codes">
    <list>
     <item>II A 1</item>
     <item>I F 5</item>
     <item>IV</item>
    </list>
   </div>
   <div type="citation">
    <bibl><title>Revyen</title>,
<date when="1918-08-31">Aug. 31, 1918</date>.
<title level="a">A DANISH-AMERICAN APPOINTED SUPERINTENDENT OF CHICAGO SCHOOLS</title></bibl>
   </div>
  </front>
  <body>
   <p>The School Board here in Chicago elected Peter Mortensen Superintendent of Schools to fill a vacancy caused by the death of John D. Shoops.</p>
   <p>The new Superintendent was born in Wisconsin of Danish parents. He worked his way through high school, college, the University of Wisconsin, and the University of Chicago. In 1897, he became a teacher in the Chicago Public Schools and advanced to Principal at the Key School in Austin, and later Superintendent at the Chicago Parental Schools.</p>
   <p>So we see that Peter A. Mortensen is a man who has worked his way up. He is a man with progressive ideas, and we feel he will more than fill his <pb facs="5410780_2_0259.jpg" n="2"/>new position because no one can or will tell him what to do, even though he was elected by a Thompson (Big Bill) majority.</p>
   <p>Our new Superintendent is an old friend of Doctor Peter Clemensen, who, also at one time, was a member of the Chicago School Board. Mr. Clemensen's personal efforts did much to elect Mortensen to the Board.</p>
  </body>
 </text>
</TEI>
