<?xml version="1.0" encoding="UTF-8"?>
<?oxygen RNGSchema="../schema/flps0.2.rnc" type="compact"?>
<TEI xmlns="http://www.tei-c.org/ns/1.0">
 <teiHeader>
  <fileDesc>
   <titleStmt>
    <title>
     <bibl><title>Scrapbook</title>, p. 143, of the Harmonien Singing Society.
<title level="a">[Harmonien Celebrates Fiftieth Anniversary]</title></bibl>
    </title>
   </titleStmt>
   <publicationStmt>
    <publisher>The Newberry Library</publisher>
    <pubPlace>Chicago, Illinois</pubPlace>
    <address>
     <addrLine>60 West Walton</addrLine>
     <addrLine>Chicago, IL 60610</addrLine>
     <addrLine>USA</addrLine>
     <addrLine>http://www.newberry.org</addrLine>
    </address>
    <idno>5410780_2_0661</idno>
   </publicationStmt>
   <notesStmt>
    <note>Transcribed from digital images contributed to the Internet
                    Archive by the University of Illinois at Urbana-Champaign.</note>
   </notesStmt>
   <sourceDesc>
    <bibl><title>Chicago Foreign Language Press Survey</title>, <date>1936-1941</date>, 
                    <sponsor>Works Projects Administration</sponsor>, 
                    <sponsor>Chicago Public Library Omnibus Project</sponsor></bibl>
    <bibl>
     <title>Chicago Foreign Language Press Survey [microform]</title>
     <sponsor>University of Illinois Urbana-Champaign</sponsor>
     <sponsor>Internet Archive</sponsor>
    </bibl>
   </sourceDesc>
  </fileDesc>
  <encodingDesc>
   <xi:include xmlns:xi="http://www.w3.org/2001/XInclude" href="../schema/flpstaxonomy.xml">
    <xi:fallback>Taxonomy file not found.</xi:fallback>
   </xi:include>
  </encodingDesc>
  <profileDesc>
   <textClass>
    <catRef target="#grp-danish"/>
    <catRef target="#grp-danish #code-II.B.1.a"/>
    <catRef target="#grp-danish #code-IV"/>
    <catRef target="#grp-swedish #code-IV"/>
   </textClass>
  </profileDesc>
  <revisionDesc>
   
   <change when="2012-11-22">Mapped 2010 transcriptions of 5420780_2 images to 5410780_2</change>
  </revisionDesc>
 </teiHeader>
 <text>
  <front>
   <pb facs="5410780_2_0661.jpg" n="1"/>
   <div type="group">
    <list>
     <item>DANISH</item>
    </list>
   </div>
   <div type="codes">
    <list>
     <item>II B 1 a</item>
     <item>IV</item>
     <item>IV (Swedish)</item>
    </list>
   </div>
   <div type="citation">
    <bibl><title>Scrapbook</title>, p. 143, of the Harmonien Singing Society.
<title level="a">[HARMONIEN CELEBRATES FIFTIETH ANNIVERSARY]</title></bibl>
   </div>
  </front>
  <body>
   <p>On November 8, 1936, Harmonien celebrated its fiftieth anniversary with a concert and banquet at the Lions Club, at 4306 West North Avenue.</p>
   <p>Seven hundred people attended the concert presented by Hans Schmidt's Orchestra, under the direction of Joel Mossberg [Swede], at 3:30 P.M. P. Marinus Paulsen directed while his own compositions were being played.</p>
   <p>The banquet, which was held at 7 P.M., was attended by six hundred guests. L. Hannemann spoke on behalf of Harmonien, Jacob Enemark, of Denmark, George P. Jensen, of America, and Balk Miller, on behalf of the ladies.</p>
   <p>Thirty-eight telegrams were received.</p>
   <p>Harmonien's Ladies' Society presented the singers with a silver lyre on which fifty silver coins were fastened. Twelve singers received the gift for having sung in the chorus twenty-five years or more.</p>
  </body>
 </text>
</TEI>
