<?xml version="1.0" encoding="UTF-8"?>
<?oxygen RNGSchema="../schema/flps0.2.rnc" type="compact"?>
<TEI xmlns="http://www.tei-c.org/ns/1.0">
 <teiHeader>
  <fileDesc>
   <titleStmt>
    <title>
     <bibl><title>Dansk Tidende</title>,
<date when="1925-11-20">Nov. 20, 1925</date>.
<title level="a">Trinity Church's Young People's Orchestra</title>.

        </bibl>
    </title>
   </titleStmt>
   <publicationStmt>
    <publisher>The Newberry Library</publisher>
    <pubPlace>Chicago, Illinois</pubPlace>
    <address>
     <addrLine>60 West Walton</addrLine>
     <addrLine>Chicago, IL 60610</addrLine>
     <addrLine>USA</addrLine>
     <addrLine>http://www.newberry.org</addrLine>
    </address>
    <idno>5410780_2_0680</idno>
   </publicationStmt>
   <notesStmt>
    <note>Transcribed from digital images contributed to the Internet
                    Archive by the University of Illinois at Urbana-Champaign.</note>
   </notesStmt>
   <sourceDesc>
    <bibl><title>Chicago Foreign Language Press Survey</title>, <date>1936-1941</date>, 
                    <sponsor>Works Projects Administration</sponsor>, 
                    <sponsor>Chicago Public Library Omnibus Project</sponsor></bibl>
    <bibl>
     <title>Chicago Foreign Language Press Survey [microform]</title>
     <sponsor>University of Illinois Urbana-Champaign</sponsor>
     <sponsor>Internet Archive</sponsor>
    </bibl>
   </sourceDesc>
  </fileDesc>
  <encodingDesc>
   <xi:include xmlns:xi="http://www.w3.org/2001/XInclude" href="../schema/flpstaxonomy.xml">
    <xi:fallback>Taxonomy file not found.</xi:fallback>
   </xi:include>
  </encodingDesc>
  <profileDesc>
   <textClass>
    <catRef target="#grp-danish"/>
    <catRef target="#grp-danish #code-II.B.1.a"/>
    <catRef target="#grp-danish #code-III.C"/>
   </textClass>
  </profileDesc>
  <revisionDesc>
   
   <change when="2012-11-22">Mapped 2010 transcriptions of 5420780_2 images to 5410780_2</change>
  </revisionDesc>
 </teiHeader>
 <text>
  <front>
   <pb facs="5410780_2_0680.jpg" n="1"/>
   <div type="group">
    <list>
     <item>DANISH</item>
    </list>
   </div>
   <div type="codes">
    <list>
     <item>II B 1 a</item>
     <item>III C</item>
    </list>
   </div>
   <div type="citation">
    <bibl><title>Dansk Fidende (Danish Times)</title>,
<date when="1925-11-20">Nov. 20, 1925</date>.
<title level="a">TRINITY CHURCH'S YOUNG PEOPLE'S ORCHESTRA</title>.
</bibl>
   </div>
  </front>
  <body>
   <p>A concert given by Trinity's Young People's Orchestra last Friday night turned out to be a success. The basement hall was packed to capacity, and the programme was excellently arranged, with Opera Singer Paul Bai and little Phyllis Dahue as soloists. The latter revealed unquestionable dramatic talent, and was irresistible in her elocution. Of Paul Bai's presentations "The Three Comrades" was received with actual enthusiasm. In this song his artistry came to its full expression, and the audience called for several da capo numbers. Young Mr. Glen Holtan played several rather difficult arrangements on the piano. But the crowning hit of the evening was "Desert Caravan" played by the orchestra with astonishing skill. With the various instruments clearly distinguishable the musicians managed to convey an actual oriental atmosphere to the audience. As a closing number the orchestra played a selection of patriotic melodies.</p>
   <p>Mr. John Andersen, young energetic leader and conductor of the orchestra, deserves appreciation for his work of promoting good music.</p>
  </body>
 </text>
</TEI>
