<?xml version="1.0" encoding="UTF-8"?>
<?oxygen RNGSchema="../schema/flps0.2.rnc" type="compact"?>
<TEI xmlns="http://www.tei-c.org/ns/1.0">
 <teiHeader>
  <fileDesc>
   <titleStmt>
    <title>
     <bibl><title>Revyen</title>,
<date when="1918-03-02">Mar. 2, 1918</date>.
<title level="a">Dania's Sons in the Army and Navy</title></bibl>
    </title>
   </titleStmt>
   <publicationStmt>
    <publisher>The Newberry Library</publisher>
    <pubPlace>Chicago, Illinois</pubPlace>
    <address>
     <addrLine>60 West Walton</addrLine>
     <addrLine>Chicago, IL 60610</addrLine>
     <addrLine>USA</addrLine>
     <addrLine>http://www.newberry.org</addrLine>
    </address>
    <idno>5410780_2_0052</idno>
   </publicationStmt>
   <notesStmt>
    <note>Transcribed from digital images contributed to the Internet
                    Archive by the University of Illinois at Urbana-Champaign.</note>
   </notesStmt>
   <sourceDesc>
    <bibl><title>Chicago Foreign Language Press Survey</title>, <date>1936-1941</date>, 
                    <sponsor>Works Projects Administration</sponsor>, 
                    <sponsor>Chicago Public Library Omnibus Project</sponsor></bibl>
    <bibl>
     <title>Chicago Foreign Language Press Survey [microform]</title>
     <sponsor>University of Illinois Urbana-Champaign</sponsor>
     <sponsor>Internet Archive</sponsor>
    </bibl>
   </sourceDesc>
  </fileDesc>
  <encodingDesc>
   <xi:include xmlns:xi="http://www.w3.org/2001/XInclude" href="../schema/flpstaxonomy.xml">
    <xi:fallback>Taxonomy file not found.</xi:fallback>
   </xi:include>
  </encodingDesc>
  <profileDesc>
   <textClass>
    <catRef target="#grp-danish"/>
    <catRef target="#grp-danish #code-I.G"/>
    <catRef target="#grp-danish #code-III.D"/>
   </textClass>
  </profileDesc>
  <revisionDesc>
   
   <change when="2012-11-22">Mapped 2010 transcriptions of 5420780_2 images to 5410780_2</change>
  </revisionDesc>
 </teiHeader>
 <text>
  <front>
   <pb facs="5410780_2_0052.jpg" n="1"/>
   <div type="group">
    <list>
     <item>DANISH</item>
    </list>
   </div>
   <div type="codes">
    <list>
     <item>I G</item>
     <item>III D</item>
    </list>
   </div>
   <div type="citation">
    <bibl><title>Revyen</title>,
<date when="1918-03-02">Mar. 2, 1918</date>.
<title level="a">DANIA'S SONS IN THE ARMY AND NAVY</title></bibl>
   </div>
  </front>
  <body>
   <p>Private Harold H. Nielsen, 124th F. A. Bat. F., Camp Logan, Texas; Lieutenant Hartwig Rasmussen, 132nd Inf. Co. G., Camp Logan; Lieutenant W. Karkow, 1st Eng., Co. B., American Express Forces; Lieutenant Andrew S. Karkow, 319th Eng., Camp Fremont, Palo Alto, California; Private William Berrehus, 131st Inft. Co. D., Camp Logan; Private Herman Houlberg, Marine Barracks, Washington, D. C.; Private Hans C. Johnson, 311th Eng. Co. B., Camp Grant; Private Arnold Jensen, Batt. D. 123rd F. A., Camp Logan; Private Walter T. Skallerup, Yeoman, Ships Co., Camp Farragut, Illinois; Private Otto Skallerup, U. S. S., Charleston; Sergeant Carl S. L. Bruun, 819 Aero Squadron, Kelly Field; Private Andrew Jensen, 15th Causual Co., Camp Hancock; Private Clifford Petersen, Co. A. 5th Eng., <pb facs="5410780_2_0053.jpg" n="2"/>Corpus Cristi, Texas; Private Peter Fuglsang, U. S. Marine Barracks, Philadelphia; Private Andrew Skafgaard, Co. 11., Columbus Barracks; Private Sam Jensen, Camp Grant, Illinois; Aviator Einar Crown, Love Field Barracks, Dallas, Texas; Frank Meyer, 131st. Inf., Camp Logan; Anton S. Hansen, 131st Inf., Camp Logan; Corporal Aage Koster, 332 Reg. F. A. Batt. D., Camp Grant, Illinois; Private A. C. Andersen, Co. D. 410th Teleg., Leon Springs, Texas; Private Leo Busk, 131 Inf., Camp Logan; Private Adolph Busk, 131 Inf., Camp Logan; Private Soplus Hansen, Geo. Mynchenberg, 130th U. S. N. G. Field Hosp., Camp Logan; Private Conrad Harkow, 3rd O. T. C., Camp Grant; Lieutenant William Busk, U. S. S., Pueblo; Roy Nielsen, 4th Reg. U. S. Naval Station, Charleston, South Carolina.</p>
  </body>
 </text>
</TEI>
