<?xml version="1.0" encoding="UTF-8"?>
<?oxygen RNGSchema="../schema/flps0.2.rnc" type="compact"?>
<TEI xmlns="http://www.tei-c.org/ns/1.0">
 <teiHeader>
  <fileDesc>
   <titleStmt>
    <title>
     <bibl><title>Revyen</title>,
<date when="1913-04-19">Apr. 19, 1913</date>.
<title level="a">Concert</title></bibl>
    </title>
   </titleStmt>
   <publicationStmt>
    <publisher>The Newberry Library</publisher>
    <pubPlace>Chicago, Illinois</pubPlace>
    <address>
     <addrLine>60 West Walton</addrLine>
     <addrLine>Chicago, IL 60610</addrLine>
     <addrLine>USA</addrLine>
     <addrLine>http://www.newberry.org</addrLine>
    </address>
    <idno>5410780_2_0746</idno>
   </publicationStmt>
   <notesStmt>
    <note>Transcribed from digital images contributed to the Internet
                    Archive by the University of Illinois at Urbana-Champaign.</note>
   </notesStmt>
   <sourceDesc>
    <bibl><title>Chicago Foreign Language Press Survey</title>, <date>1936-1941</date>, 
                    <sponsor>Works Projects Administration</sponsor>, 
                    <sponsor>Chicago Public Library Omnibus Project</sponsor></bibl>
    <bibl>
     <title>Chicago Foreign Language Press Survey [microform]</title>
     <sponsor>University of Illinois Urbana-Champaign</sponsor>
     <sponsor>Internet Archive</sponsor>
    </bibl>
   </sourceDesc>
  </fileDesc>
  <encodingDesc>
   <xi:include xmlns:xi="http://www.w3.org/2001/XInclude" href="../schema/flpstaxonomy.xml">
    <xi:fallback>Taxonomy file not found.</xi:fallback>
   </xi:include>
  </encodingDesc>
  <profileDesc>
   <textClass>
    <catRef target="#grp-danish"/>
    <catRef target="#grp-danish #code-II.B.1.a"/>
    <catRef target="#grp-danish #code-II.B.1.c.3"/>
    <catRef target="#grp-danish #code-III.B.2"/>
   </textClass>
  </profileDesc>
  <revisionDesc>
   
   <change when="2012-11-22">Mapped 2010 transcriptions of 5420780_2 images to 5410780_2</change>
  </revisionDesc>
 </teiHeader>
 <text>
  <front>
   <pb facs="5410780_2_0746.jpg" n="1"/>
   <div type="group">
    <list>
     <item>DANISH</item>
    </list>
   </div>
   <div type="codes">
    <list>
     <item>II B 1 a</item>
     <item>II B 1 c (3)</item>
     <item>III B 2</item>
    </list>
   </div>
   <div type="citation">
    <bibl><title>Revyen</title>,
<date when="1913-04-19">Apr. 19, 1913</date>.
<title level="a">CONCERT</title></bibl>
   </div>
  </front>
  <body>
   <p>Harmonien gave its annual spring concert and ball last Saturday in Schoenhofen's Hall. To start with, there were many empty seats, but later on the house became well filled.</p>
   <p>Miss Alpha Henriksen, with her excellent singing, strengthened her hold on her already devoted public. She mastered the great aria of "The Troubadour" with great aplomb and rendered a number of small romantic songs, among them "April Morn," and Grieg's "I Love You," with genuine charm and feeling.</p>
   <p>The society is enjoying a steady growth in membership, stimulated by the planned excursion to the San Francisco fair in 1915. For this concert it was therefore able to muster a choir of some fifty voices, in spite of the fact that some of the active singers were unable to attend. In addition, <pb facs="5410780_2_0747.jpg" n="2"/>some new-comers are still in training. Mr. Mosberg, the director, has developed a choir which ranks among the best, and which renders the great classics, as well as the less elaborate numbers, with rare skill and beauty.</p>
   <p>It is enough to say that Hans Schmidt's orchestra furnished the best possible concert and dance music.</p>
  </body>
 </text>
</TEI>
