<?xml version="1.0" encoding="UTF-8"?>
<?oxygen RNGSchema="../schema/flps0.2.rnc" type="compact"?>
<TEI xmlns="http://www.tei-c.org/ns/1.0">
 <teiHeader>
  <fileDesc>
   <titleStmt>
    <title>
     <bibl><title>Revyen</title>,
<date when="1898-05-21">May 21, 1898</date>.
<title level="a">[The Virgin Islands]</title></bibl>
    </title>
   </titleStmt>
   <publicationStmt>
    <publisher>The Newberry Library</publisher>
    <pubPlace>Chicago, Illinois</pubPlace>
    <address>
     <addrLine>60 West Walton</addrLine>
     <addrLine>Chicago, IL 60610</addrLine>
     <addrLine>USA</addrLine>
     <addrLine>http://www.newberry.org</addrLine>
    </address>
    <idno>5410780_2_0101</idno>
   </publicationStmt>
   <notesStmt>
    <note>Transcribed from digital images contributed to the Internet
                    Archive by the University of Illinois at Urbana-Champaign.</note>
   </notesStmt>
   <sourceDesc>
    <bibl><title>Chicago Foreign Language Press Survey</title>, <date>1936-1941</date>, 
                    <sponsor>Works Projects Administration</sponsor>, 
                    <sponsor>Chicago Public Library Omnibus Project</sponsor></bibl>
    <bibl>
     <title>Chicago Foreign Language Press Survey [microform]</title>
     <sponsor>University of Illinois Urbana-Champaign</sponsor>
     <sponsor>Internet Archive</sponsor>
    </bibl>
   </sourceDesc>
  </fileDesc>
  <encodingDesc>
   <xi:include xmlns:xi="http://www.w3.org/2001/XInclude" href="../schema/flpstaxonomy.xml">
    <xi:fallback>Taxonomy file not found.</xi:fallback>
   </xi:include>
  </encodingDesc>
  <profileDesc>
   <textClass>
    <catRef target="#grp-danish"/>
    <catRef target="#grp-danish #code-I.G"/>
   </textClass>
  </profileDesc>
  <revisionDesc>
   
   <change when="2012-11-22">Mapped 2010 transcriptions of 5420780_2 images to 5410780_2</change>
  </revisionDesc>
 </teiHeader>
 <text>
  <front>
   <pb facs="5410780_2_0101.jpg" n="1"/>
   <div type="group">
    <list>
     <item>DANISH</item>
    </list>
   </div>
   <div type="codes">
    <list>
     <item>I G</item>
    </list>
   </div>
   <div type="citation">
    <bibl><title>Revyen</title>,
<date when="1898-05-21">May 21, 1898</date>.
<title level="a">[THE VIRGIN ISLANDS]</title></bibl>
   </div>
  </front>
  <body>
   <p>The Chicago Daily News insists that the American congress between 1868 and 1872 made a great mistake by not ratifying the treaty between Denmark and the United States as to the sale of the two Danish West Indian islands: St. Thomas and St. Jan, for the sum of $7,500,000. These islands would have been of great importance to the United States as coaling stations during the war with Spain.</p>
   <p>Furthermore that the American nation had greatly insulted the Danish government by not accepting the offer.</p>
  </body>
 </text>
</TEI>
