<?xml version="1.0" encoding="UTF-8"?>
<?oxygen RNGSchema="../schema/flps0.2.rnc" type="compact"?>
<TEI xmlns="http://www.tei-c.org/ns/1.0">
 <teiHeader>
  <fileDesc>
   <titleStmt>
    <title>
     <bibl><title>Revyen</title>,
<date when="1905-05-13">May 13, 1905</date>.
<title level="a">[A New Scandinavian Bank]</title></bibl>
    </title>
   </titleStmt>
   <publicationStmt>
    <publisher>The Newberry Library</publisher>
    <pubPlace>Chicago, Illinois</pubPlace>
    <address>
     <addrLine>60 West Walton</addrLine>
     <addrLine>Chicago, IL 60610</addrLine>
     <addrLine>USA</addrLine>
     <addrLine>http://www.newberry.org</addrLine>
    </address>
    <idno>5410780_2_0410</idno>
   </publicationStmt>
   <notesStmt>
    <note>Transcribed from digital images contributed to the Internet
                    Archive by the University of Illinois at Urbana-Champaign.</note>
   </notesStmt>
   <sourceDesc>
    <bibl><title>Chicago Foreign Language Press Survey</title>, <date>1936-1941</date>, 
                    <sponsor>Works Projects Administration</sponsor>, 
                    <sponsor>Chicago Public Library Omnibus Project</sponsor></bibl>
    <bibl>
     <title>Chicago Foreign Language Press Survey [microform]</title>
     <sponsor>University of Illinois Urbana-Champaign</sponsor>
     <sponsor>Internet Archive</sponsor>
    </bibl>
   </sourceDesc>
  </fileDesc>
  <encodingDesc>
   <xi:include xmlns:xi="http://www.w3.org/2001/XInclude" href="../schema/flpstaxonomy.xml">
    <xi:fallback>Taxonomy file not found.</xi:fallback>
   </xi:include>
  </encodingDesc>
  <profileDesc>
   <textClass>
    <catRef target="#grp-danish"/>
    <catRef target="#grp-danish #code-II.A.2"/>
    <catRef target="#grp-danish #code-IV"/>
    <catRef target="#grp-norwegian #code-II.A.2"/>
    <catRef target="#grp-norwegian #code-II.A.2"/>
   </textClass>
  </profileDesc>
  <revisionDesc>
   
   <change when="2012-11-22">Mapped 2010 transcriptions of 5420780_2 images to 5410780_2</change>
  </revisionDesc>
 </teiHeader>
 <text>
  <front>
   <pb facs="5410780_2_0410.jpg" n="1"/>
   <div type="group">
    <list>
     <item>DANISH</item>
    </list>
   </div>
   <div type="codes">
    <list>
     <item>II A 2</item>
     <item>IV</item>
     <item>II A 2 (Norwegian)</item>
     <item>IV (Norwegian)</item>
    </list>
   </div>
   <div type="citation">
    <bibl><title>Revyen</title>,
<date when="1905-05-13">May 13, 1905</date>.
<title level="a">[A NEW SCANDINAVIAN BANK]</title></bibl>
   </div>
  </front>
  <body>
   <p>A new Scandinavian bank has been opened on the corner of La Salle and Randolph Streets. It is called the Union Bank of Chicago. It has a capital of $200,000 and a surplus of $25,000. Its president is the Norwegian banker, Chas, E. Schlytern. Among the board of directors is the Dane, Fritz Frantzen. Among the stockholders are such well-known Danes and Norwegians as J. C. Eskildsen, T. C. Hansen, L. L. Filstrup, H. Finstad, Henry L. Hertz, Olaf E. Ray, and W. A. Wieboldt.</p>
  </body>
 </text>
</TEI>
