<?xml version="1.0" encoding="UTF-8"?>
<?oxygen RNGSchema="../schema/flps0.2.rnc" type="compact"?>
<TEI xmlns="http://www.tei-c.org/ns/1.0">
 <teiHeader>
  <fileDesc>
   <titleStmt>
    <title>
     <bibl><title>Scrapbook</title>, p. 47, of the Harmonien Singing Society.
<title level="a">[Memorial Concert for Niels Wilhelm Gade]</title></bibl>
    </title>
   </titleStmt>
   <publicationStmt>
    <publisher>The Newberry Library</publisher>
    <pubPlace>Chicago, Illinois</pubPlace>
    <address>
     <addrLine>60 West Walton</addrLine>
     <addrLine>Chicago, IL 60610</addrLine>
     <addrLine>USA</addrLine>
     <addrLine>http://www.newberry.org</addrLine>
    </address>
    <idno>5410780_2_0717</idno>
   </publicationStmt>
   <notesStmt>
    <note>Transcribed from digital images contributed to the Internet
                    Archive by the University of Illinois at Urbana-Champaign.</note>
   </notesStmt>
   <sourceDesc>
    <bibl><title>Chicago Foreign Language Press Survey</title>, <date>1936-1941</date>, 
                    <sponsor>Works Projects Administration</sponsor>, 
                    <sponsor>Chicago Public Library Omnibus Project</sponsor></bibl>
    <bibl>
     <title>Chicago Foreign Language Press Survey [microform]</title>
     <sponsor>University of Illinois Urbana-Champaign</sponsor>
     <sponsor>Internet Archive</sponsor>
    </bibl>
   </sourceDesc>
  </fileDesc>
  <encodingDesc>
   <xi:include xmlns:xi="http://www.w3.org/2001/XInclude" href="../schema/flpstaxonomy.xml">
    <xi:fallback>Taxonomy file not found.</xi:fallback>
   </xi:include>
  </encodingDesc>
  <profileDesc>
   <textClass>
    <catRef target="#grp-danish"/>
    <catRef target="#grp-danish #code-II.B.1.a"/>
    <catRef target="#grp-danish #code-IV"/>
   </textClass>
  </profileDesc>
  <revisionDesc>
   
   <change when="2012-11-22">Mapped 2010 transcriptions of 5420780_2 images to 5410780_2</change>
  </revisionDesc>
 </teiHeader>
 <text>
  <front>
   <pb facs="5410780_2_0717.jpg" n="1"/>
   <div type="group">
    <list>
     <item>DANISH</item>
    </list>
   </div>
   <div type="codes">
    <list>
     <item>II B 1 a</item>
     <item>IV</item>
    </list>
   </div>
   <div type="citation">
    <bibl><title>Scrapbook</title>, p. 47, of the Harmonien Singing Society.
<title level="a">[MEMORIAL CONCERT FOR NIELS WILHELM GADE]</title></bibl>
   </div>
  </front>
  <body>
   <p>On February 25, 1917, the Harmonien Singing Society gave a memorial concert for the Danish composer Niels Wilhelm Gade, who was born one hundred years ago, in 1817. The concert took place in Consistory Hall, at the corner of Walton Place and Dearborn Street. The chorus was made up of 150 male voices from Harmonien, Freja, Dansk Arbejdersangforening (Danish Workingmen's Singing Society), Magneten, and the church choirs of St. Ansgar and Trinitatis. [George] Dupont-Hansen played the organ. The soloists were Mr. Holgar Pedersen, Mrs. Huseby (contralto), Mrs. Ellen Frandsen (soprano), and Mr. Elvind Borsum (baritone).</p>
  </body>
 </text>
</TEI>
