<?xml version="1.0" encoding="UTF-8"?>
<?oxygen RNGSchema="../schema/flps0.2.rnc" type="compact"?>
<TEI xmlns="http://www.tei-c.org/ns/1.0">
 <teiHeader>
  <fileDesc>
   <titleStmt>
    <title>
     <bibl><title>Danish Times</title>,
<date when="1923-06-23">June 23, 1923</date>.
<title level="a">Manufacturer Louis Hansen</title><title level="a" type="sub">The Apprentice Boy Who Became Capitalist</title></bibl>
    </title>
   </titleStmt>
   <publicationStmt>
    <publisher>The Newberry Library</publisher>
    <pubPlace>Chicago, Illinois</pubPlace>
    <address>
     <addrLine>60 West Walton</addrLine>
     <addrLine>Chicago, IL 60610</addrLine>
     <addrLine>USA</addrLine>
     <addrLine>http://www.newberry.org</addrLine>
    </address>
    <idno>5410780_2_0342</idno>
   </publicationStmt>
   <notesStmt>
    <note>Transcribed from digital images contributed to the Internet
                    Archive by the University of Illinois at Urbana-Champaign.</note>
   </notesStmt>
   <sourceDesc>
    <bibl><title>Chicago Foreign Language Press Survey</title>, <date>1936-1941</date>, 
                    <sponsor>Works Projects Administration</sponsor>, 
                    <sponsor>Chicago Public Library Omnibus Project</sponsor></bibl>
    <bibl>
     <title>Chicago Foreign Language Press Survey [microform]</title>
     <sponsor>University of Illinois Urbana-Champaign</sponsor>
     <sponsor>Internet Archive</sponsor>
    </bibl>
   </sourceDesc>
  </fileDesc>
  <encodingDesc>
   <xi:include xmlns:xi="http://www.w3.org/2001/XInclude" href="../schema/flpstaxonomy.xml">
    <xi:fallback>Taxonomy file not found.</xi:fallback>
   </xi:include>
  </encodingDesc>
  <profileDesc>
   <textClass>
    <catRef target="#grp-danish"/>
    <catRef target="#grp-danish #code-II.A.2"/>
    <catRef target="#grp-danish #code-IV"/>
   </textClass>
  </profileDesc>
  <revisionDesc>
   
   <change when="2012-11-22">Mapped 2010 transcriptions of 5420780_2 images to 5410780_2</change>
  </revisionDesc>
 </teiHeader>
 <text>
  <front>
   <pb facs="5410780_2_0342.jpg" n="1"/>
   <div type="group">
    <list>
     <item>DANISH</item>
    </list>
   </div>
   <div type="codes">
    <list>
     <item>II A 2</item>
     <item>IV</item>
    </list>
   </div>
   <div type="citation">
    <bibl><title>Danish Times</title>,
<date when="1923-06-23">June 23, 1923</date>.
<title level="a">MANUFACTURER LOUIS HANSEN</title><title level="a" type="sub">The Apprentice Boy Who Became Capitalist</title></bibl>
   </div>
  </front>
  <body>
   <p>Louis Hansen passed away last Thursday, in his home, at 600 Linden Avenue.</p>
   <p>Mr. Hansen, born in Hyllinge, Denmark, in 1843, was eighty years old. He was a carpenter's apprentice for several years and, in 1865, when he was twenty-two years old, he came to America. He landed in Portland, Maine, worked there for sometime and later went to Boston, where he stayed for about a year, finally he came to Chicago. In 1869, he became a partner in the Goodwillies Frame Factory and shortly after the Chicago Fire he became sole owner. Again, three years after the Chicago Fire, the factory burned to the ground, a total loss. He bought a new building on Washington Street where he stayed until 1883, when he moved to Curtis Street. Later the Northwestern Railroad paid him three hundred thousand dollars for the ground. He finally bought sixteen acres at Le Moyne and Kostner Avenues and erected a five-story factory. At times he had over five hundred workers.</p>
   <pb facs="5410780_2_0343.jpg" n="2"/>
   <p>He was a good contributor to large Danish societies and to charity.</p>
  </body>
 </text>
</TEI>
