<?xml version="1.0" encoding="UTF-8"?>
<?oxygen RNGSchema="../schema/flps0.2.rnc" type="compact"?>
<TEI xmlns="http://www.tei-c.org/ns/1.0">
 <teiHeader>
  <fileDesc>
   <titleStmt>
    <title>
     <bibl><title>Danish Times</title>,
<date when="1922-07-22">July 22, 1922</date>.
<title level="a">Danish Painter Wins Fame</title></bibl>
    </title>
   </titleStmt>
   <publicationStmt>
    <publisher>The Newberry Library</publisher>
    <pubPlace>Chicago, Illinois</pubPlace>
    <address>
     <addrLine>60 West Walton</addrLine>
     <addrLine>Chicago, IL 60610</addrLine>
     <addrLine>USA</addrLine>
     <addrLine>http://www.newberry.org</addrLine>
    </address>
    <idno>5410780_2_0579</idno>
   </publicationStmt>
   <notesStmt>
    <note>Transcribed from digital images contributed to the Internet
                    Archive by the University of Illinois at Urbana-Champaign.</note>
   </notesStmt>
   <sourceDesc>
    <bibl><title>Chicago Foreign Language Press Survey</title>, <date>1936-1941</date>, 
                    <sponsor>Works Projects Administration</sponsor>, 
                    <sponsor>Chicago Public Library Omnibus Project</sponsor></bibl>
    <bibl>
     <title>Chicago Foreign Language Press Survey [microform]</title>
     <sponsor>University of Illinois Urbana-Champaign</sponsor>
     <sponsor>Internet Archive</sponsor>
    </bibl>
   </sourceDesc>
  </fileDesc>
  <encodingDesc>
   <xi:include xmlns:xi="http://www.w3.org/2001/XInclude" href="../schema/flpstaxonomy.xml">
    <xi:fallback>Taxonomy file not found.</xi:fallback>
   </xi:include>
  </encodingDesc>
  <profileDesc>
   <textClass>
    <catRef target="#grp-danish"/>
    <catRef target="#grp-danish #code-II.A.3.c"/>
   </textClass>
  </profileDesc>
  <revisionDesc>
   
   <change when="2012-11-22">Mapped 2010 transcriptions of 5420780_2 images to 5410780_2</change>
  </revisionDesc>
 </teiHeader>
 <text>
  <front>
   <pb facs="5410780_2_0579.jpg" n="1"/>
   <div type="group">
    <list>
     <item>DANISH</item>
    </list>
   </div>
   <div type="codes">
    <list>
     <item>II A 3 c</item>
    </list>
   </div>
   <div type="citation">
    <bibl><title>Danish Times</title>,
<date when="1922-07-22">July 22, 1922</date>.
<title level="a">DANISH PAINTER WINS FAME</title></bibl>
   </div>
  </front>
  <body>
   <p>The Merchants' Record and Show Window presents a reproduction of Axel Krohns' latest picture. It represents a tropical beach with tall slender palms, the fronds clicking in the breeze, the sighing of the wind, the waves roaring on the sands, and now and then the call of a bird heard closeby, then from afar, creating a symphony that could not have been written by man. Yes, the picture is so well done that it takes very little imagination to believe that you can both hear and see it.</p>
   <p>We will quote a few words that have been said: "We call the attention of our readers to the artistic cover on this issue of the Merchants' Record and Show Window. Full credit is due Axel Krohn, art director in the service department of L. Bauman and Co, Chicago.</p>
   <pb facs="5410780_2_0580.jpg" n="2"/>
   <p>"Mr. Krohn is well-known in the art colony of the 'Windy City.' High-class artistic talent is clearly shown by his work on this cover, and on others that will follow during the next few months, we really believe that our subscribers have an artistic treat awaiting them."</p>
   <p>Krohn has done some of the largest decorating projects in the country.</p>
   <p>Sometime ago, Krohn did some portraits that gave us an excellent example of the third dimension.</p>
  </body>
 </text>
</TEI>
