<?xml version="1.0" encoding="UTF-8"?>
<?oxygen RNGSchema="../schema/flps0.2.rnc" type="compact"?>
<TEI xmlns="http://www.tei-c.org/ns/1.0">
 <teiHeader>
  <fileDesc>
   <titleStmt>
    <title>
     <bibl><title>Hejmdal</title>,
<date when="1874-12-19">Dec. 19, 1874</date>.
<title level="a">Christmas Is Coming</title><title level="a" type="sub">[Patronize Danish Stores]</title></bibl>
    </title>
   </titleStmt>
   <publicationStmt>
    <publisher>The Newberry Library</publisher>
    <pubPlace>Chicago, Illinois</pubPlace>
    <address>
     <addrLine>60 West Walton</addrLine>
     <addrLine>Chicago, IL 60610</addrLine>
     <addrLine>USA</addrLine>
     <addrLine>http://www.newberry.org</addrLine>
    </address>
    <idno>5410780_2_0445</idno>
   </publicationStmt>
   <notesStmt>
    <note>Transcribed from digital images contributed to the Internet
                    Archive by the University of Illinois at Urbana-Champaign.</note>
   </notesStmt>
   <sourceDesc>
    <bibl><title>Chicago Foreign Language Press Survey</title>, <date>1936-1941</date>, 
                    <sponsor>Works Projects Administration</sponsor>, 
                    <sponsor>Chicago Public Library Omnibus Project</sponsor></bibl>
    <bibl>
     <title>Chicago Foreign Language Press Survey [microform]</title>
     <sponsor>University of Illinois Urbana-Champaign</sponsor>
     <sponsor>Internet Archive</sponsor>
    </bibl>
   </sourceDesc>
  </fileDesc>
  <encodingDesc>
   <xi:include xmlns:xi="http://www.w3.org/2001/XInclude" href="../schema/flpstaxonomy.xml">
    <xi:fallback>Taxonomy file not found.</xi:fallback>
   </xi:include>
  </encodingDesc>
  <profileDesc>
   <textClass>
    <catRef target="#grp-danish"/>
    <catRef target="#grp-danish #code-II.A.2"/>
   </textClass>
  </profileDesc>
  <revisionDesc>
   
   <change when="2012-11-22">Mapped 2010 transcriptions of 5420780_2 images to 5410780_2</change>
  </revisionDesc>
 </teiHeader>
 <text>
  <front>
   <pb facs="5410780_2_0445.jpg" n="1"/>
   <div type="group">
    <list>
     <item>DANISH</item>
    </list>
   </div>
   <div type="codes">
    <list>
     <item>II A 2</item>
    </list>
   </div>
   <div type="citation">
    <bibl><title>Hejmdal</title>,
<date when="1874-12-19">Dec. 19, 1874</date>.
<title level="a">CHRISTMAS IS COMING</title><title level="a" type="sub">[Patronize Danish Stores]</title></bibl>
   </div>
  </front>
  <body>
   <p>Bartholdy and Schwartz, 340 Milwaukee Avenue, is a very large hardware store which carries a large stock of stoves and a full line of building tools and equipment. As business grew Mr. Bartholdy took in Mr. Schwartz as a partner, and today all Danes and Scandinavians deal there. Both men are considered very good businessmen.</p>
   <p>H. S. Paulsen and Bros, are always up to date with their stoves. They are well known by the Danes and Scandinavians.</p>
   <p>Hearlev and Johnson, 94 Milwaukee Avenue, have a large business in goods which they manufacture themselves. To give you an idea, four thousand boxes of paper collars are made each week. Trunks and travelling bags are made the same way at 126 West Indiana Street.</p>
   <pb facs="5410780_2_0446.jpg" n="2"/>
   <p>H. L. Dahl, 150 South Clark Street, is doing a tremendous tailoring business with rich Americans, but he is always glad to have a countryman of his come in and patronize him.</p>
   <p>N. Bruun, 282 West Indiana Avenue, is the owner of a drugstore. His drug store is a landmark for the Danes and we are proud of him. His skill as a druggist and his personality and warm heart for the poor have insured his success.</p>
  </body>
 </text>
</TEI>
