<?xml version="1.0" encoding="UTF-8"?>
<?oxygen RNGSchema="../schema/flps0.2.rnc" type="compact"?>
<TEI xmlns="http://www.tei-c.org/ns/1.0">
 <teiHeader>
  <fileDesc>
   <titleStmt>
    <title>
     <bibl><title>Skandinaven</title>,
<date when="1923-10-23">Oct. 23, 1923</date>.
<title level="a">Danes Honor Adam Poulsen</title></bibl>
    </title>
   </titleStmt>
   <publicationStmt>
    <publisher>The Newberry Library</publisher>
    <pubPlace>Chicago, Illinois</pubPlace>
    <address>
     <addrLine>60 West Walton</addrLine>
     <addrLine>Chicago, IL 60610</addrLine>
     <addrLine>USA</addrLine>
     <addrLine>http://www.newberry.org</addrLine>
    </address>
    <idno>5410780_2_0615</idno>
   </publicationStmt>
   <notesStmt>
    <note>Transcribed from digital images contributed to the Internet
                    Archive by the University of Illinois at Urbana-Champaign.</note>
   </notesStmt>
   <sourceDesc>
    <bibl><title>Chicago Foreign Language Press Survey</title>, <date>1936-1941</date>, 
                    <sponsor>Works Projects Administration</sponsor>, 
                    <sponsor>Chicago Public Library Omnibus Project</sponsor></bibl>
    <bibl>
     <title>Chicago Foreign Language Press Survey [microform]</title>
     <sponsor>University of Illinois Urbana-Champaign</sponsor>
     <sponsor>Internet Archive</sponsor>
    </bibl>
   </sourceDesc>
  </fileDesc>
  <encodingDesc>
   <xi:include xmlns:xi="http://www.w3.org/2001/XInclude" href="../schema/flpstaxonomy.xml">
    <xi:fallback>Taxonomy file not found.</xi:fallback>
   </xi:include>
  </encodingDesc>
  <profileDesc>
   <textClass>
    <catRef target="#grp-danish"/>
    <catRef target="#grp-danish #code-II.A.3.d.1"/>
    <catRef target="#grp-danish #code-III.H"/>
    <catRef target="#grp-danish #code-IV"/>
   </textClass>
  </profileDesc>
  <revisionDesc>
   
   <change when="2012-11-22">Mapped 2010 transcriptions of 5420780_2 images to 5410780_2</change>
  </revisionDesc>
 </teiHeader>
 <text>
  <front>
   <pb facs="5410780_2_0615.jpg" n="1"/>
   <div type="group">
    <list>
     <item>DANISH</item>
    </list>
   </div>
   <div type="codes">
    <list>
     <item>II A 3 d (1)</item>
     <item>III H</item>
     <item>IV</item>
    </list>
   </div>
   <div type="citation">
    <bibl><title>Skandinaven (Daily Edition)</title>,
<date when="1923-10-23">Oct. 23, 1923</date>.
<title level="a">DANES HONOR ADAM POULSEN</title></bibl>
   </div>
  </front>
  <body>
   <p>An expectant audience filled the Garrick Theater last night. The occasion was the first appearance of Adam Poulsen from the National Theater of Copenhagen. He played the lead in "Ambosius". An epilogue had been written by the Danish American author, L. C. Nielsen. The epilogue was read by Carl Antonsen. Then the orchestra played the Overture from "Elverhoj", and the play was on. Poulsen's acting was superb. Mrs. Nahalie Poulsen, his wife, played the role of Abigal. The rest of the cast was of Chicago professionals. The casting was as follows: N. Lind as the Baron, Ove Knudsen as "Junke Nils", William Bang as Peder Deyer, doubling as Pastor Soren, Mrs. Gudrun Jacobsen as the Chambermaid was outstanding, and last Magrethe Herman as the countess was also worth mentioning.</p>
   <p>It is a great honor for our local talent to appear with Adam Poulsen.</p>
  </body>
 </text>
</TEI>
