<?xml version="1.0" encoding="UTF-8"?>
<?oxygen RNGSchema="../schema/flps0.2.rnc" type="compact"?>
<TEI xmlns="http://www.tei-c.org/ns/1.0">
 <teiHeader>
  <fileDesc>
   <titleStmt>
    <title>
     <bibl><title>Skandinaven</title>,
<date when="1898-06-12">June 12, 1898</date><title level="a">"We Stand by Uncle Sam"</title></bibl>
    </title>
   </titleStmt>
   <publicationStmt>
    <publisher>The Newberry Library</publisher>
    <pubPlace>Chicago, Illinois</pubPlace>
    <address>
     <addrLine>60 West Walton</addrLine>
     <addrLine>Chicago, IL 60610</addrLine>
     <addrLine>USA</addrLine>
     <addrLine>http://www.newberry.org</addrLine>
    </address>
    <idno>5410780_2_0554</idno>
   </publicationStmt>
   <notesStmt>
    <note>Transcribed from digital images contributed to the Internet
                    Archive by the University of Illinois at Urbana-Champaign.</note>
   </notesStmt>
   <sourceDesc>
    <bibl><title>Chicago Foreign Language Press Survey</title>, <date>1936-1941</date>, 
                    <sponsor>Works Projects Administration</sponsor>, 
                    <sponsor>Chicago Public Library Omnibus Project</sponsor></bibl>
    <bibl>
     <title>Chicago Foreign Language Press Survey [microform]</title>
     <sponsor>University of Illinois Urbana-Champaign</sponsor>
     <sponsor>Internet Archive</sponsor>
    </bibl>
   </sourceDesc>
  </fileDesc>
  <encodingDesc>
   <xi:include xmlns:xi="http://www.w3.org/2001/XInclude" href="../schema/flpstaxonomy.xml">
    <xi:fallback>Taxonomy file not found.</xi:fallback>
   </xi:include>
  </encodingDesc>
  <profileDesc>
   <textClass>
    <catRef target="#grp-danish"/>
    <catRef target="#grp-danish #code-II.A.3.a"/>
    <catRef target="#grp-danish #code-I.G"/>
    <catRef target="#grp-danish #code-I.C"/>
   </textClass>
  </profileDesc>
  <revisionDesc>
   
   <change when="2012-11-22">Mapped 2010 transcriptions of 5420780_2 images to 5410780_2</change>
  </revisionDesc>
 </teiHeader>
 <text>
  <front>
   <pb facs="5410780_2_0554.jpg" n="1"/>
   <div type="group">
    <list>
     <item>DANISH</item>
    </list>
   </div>
   <div type="codes">
    <list>
     <item>II A 3 a</item>
     <item>I G</item>
     <item>I C</item>
    </list>
   </div>
   <div type="citation">
    <bibl><title>Skandinaven (Daily Edition)</title>,
<date when="1898-06-12">June 12, 1898</date><title level="a">"WE STAND BY UNCLE SAM"</title></bibl>
   </div>
  </front>
  <body>
   <p>"We Stand by Uncle Sam, A Million Boys in Blue" is a new war song written by John Volk and published by A. E. Johnson and Volk. In the east it made a hit at once, and deservedly so. The text is spirited and in harmony with the buoyant Danish air that will lighten the weary marches for our boys in blue as it has ever quickened the steps of the Danish soldiers since 1848, when it burst upon the Danish army as a sudden revelation of the reawakened enthusiasm and rising national spirit of the people. The tune is a favorite, not only with the Danes, but also with Norwegians and Swedes, and as our Scandinavian citizens are well represented in most of our camps the familiar refrain will be take up by them and thus catch the ear of the army. That is all that is necessary to insure its popularity. The quick-step stanzas of the text compare favorably with other war songs of the day, and the striking air is in keeping with our national temperament and high-spirited and optimistic character of the present war.</p>
   <pb facs="5410780_2_0555.jpg" n="2"/>
   <p>Here in Chicago the Skandinavians are shouting this song at the tops of their voices.</p>
   <p>[Translator's note: This song was written by a Dane by the name of Volk, who at that time resided in Chicago. A. E. Johnson lived here at that time also.]</p>
  </body>
 </text>
</TEI>
