<?xml version="1.0" encoding="UTF-8"?>
<?oxygen RNGSchema="../schema/flps0.2.rnc" type="compact"?>
<TEI xmlns="http://www.tei-c.org/ns/1.0">
 <teiHeader>
  <fileDesc>
   <titleStmt>
    <title>
     <bibl><title>Dansk Tidende</title>,
<date when="1925-05-08">May 8, 1925</date>.
<title level="a">[Illinois Society Concert]</title></bibl>
    </title>
   </titleStmt>
   <publicationStmt>
    <publisher>The Newberry Library</publisher>
    <pubPlace>Chicago, Illinois</pubPlace>
    <address>
     <addrLine>60 West Walton</addrLine>
     <addrLine>Chicago, IL 60610</addrLine>
     <addrLine>USA</addrLine>
     <addrLine>http://www.newberry.org</addrLine>
    </address>
    <idno>5410780_2_0686</idno>
   </publicationStmt>
   <notesStmt>
    <note>Transcribed from digital images contributed to the Internet
                    Archive by the University of Illinois at Urbana-Champaign.</note>
   </notesStmt>
   <sourceDesc>
    <bibl><title>Chicago Foreign Language Press Survey</title>, <date>1936-1941</date>, 
                    <sponsor>Works Projects Administration</sponsor>, 
                    <sponsor>Chicago Public Library Omnibus Project</sponsor></bibl>
    <bibl>
     <title>Chicago Foreign Language Press Survey [microform]</title>
     <sponsor>University of Illinois Urbana-Champaign</sponsor>
     <sponsor>Internet Archive</sponsor>
    </bibl>
   </sourceDesc>
  </fileDesc>
  <encodingDesc>
   <xi:include xmlns:xi="http://www.w3.org/2001/XInclude" href="../schema/flpstaxonomy.xml">
    <xi:fallback>Taxonomy file not found.</xi:fallback>
   </xi:include>
  </encodingDesc>
  <profileDesc>
   <textClass>
    <catRef target="#grp-danish"/>
    <catRef target="#grp-danish #code-II.B.1.a"/>
    <catRef target="#grp-danish #code-III.B.2"/>
   </textClass>
  </profileDesc>
  <revisionDesc>
   
   <change when="2012-11-22">Mapped 2010 transcriptions of 5420780_2 images to 5410780_2</change>
  </revisionDesc>
 </teiHeader>
 <text>
  <front>
   <pb facs="5410780_2_0686.jpg" n="1"/>
   <div type="group">
    <list>
     <item>DANISH</item>
    </list>
   </div>
   <div type="codes">
    <list>
     <item>II B 1 a</item>
     <item>III B 2</item>
    </list>
   </div>
   <div type="citation">
    <bibl><title>Dansk Tidende (Danish Times)</title>,
<date when="1925-05-08">May 8, 1925</date>.
<title level="a">[ILLINOIS SOCIETY CONCERT]</title></bibl>
   </div>
  </front>
  <body>
   <p>The Ladies' Singing Society, Illinois, gave a concert in Wicker Park Hall Sunday, May 24. The hall was packed and the audience followed the performance attentively. Illinois was assisted by the Norwegian Ladies' Choir, Oselia, which gave an excellent performance that brought well deserved applause. The Danish Workmen's Singing Society also participated.</p>
   <p>There were violin solos by Miss Aodrewfall and cello solos by Miss Emily Barfield, both of whom performed in a most appealing manner.</p>
   <p>The concert was one for which Illinois deserves credit and honor.</p>
   <p>Next year Illinois will celebrate its twenty-fifth anniversary by giving another May concert. We hereby congratulate its ambitious members <pb facs="5410780_2_0687.jpg" n="2"/>and wish them all sucess.</p>
  </body>
 </text>
</TEI>
