<?xml version="1.0" encoding="UTF-8"?>
<?oxygen RNGSchema="../schema/flps0.2.rnc" type="compact"?>
<TEI xmlns="http://www.tei-c.org/ns/1.0">
 <teiHeader>
  <fileDesc>
   <titleStmt>
    <title>
     <bibl><title>Danish Times</title>,
<date when="1930-07-11">July 11, 1930</date>.
<title level="a">The High Cost of Living</title><title level="a" type="sub">(Editorial)</title></bibl>
    </title>
   </titleStmt>
   <publicationStmt>
    <publisher>The Newberry Library</publisher>
    <pubPlace>Chicago, Illinois</pubPlace>
    <address>
     <addrLine>60 West Walton</addrLine>
     <addrLine>Chicago, IL 60610</addrLine>
     <addrLine>USA</addrLine>
     <addrLine>http://www.newberry.org</addrLine>
    </address>
    <idno>5410780_2_0152</idno>
   </publicationStmt>
   <notesStmt>
    <note>Transcribed from digital images contributed to the Internet
                    Archive by the University of Illinois at Urbana-Champaign.</note>
   </notesStmt>
   <sourceDesc>
    <bibl><title>Chicago Foreign Language Press Survey</title>, <date>1936-1941</date>, 
                    <sponsor>Works Projects Administration</sponsor>, 
                    <sponsor>Chicago Public Library Omnibus Project</sponsor></bibl>
    <bibl>
     <title>Chicago Foreign Language Press Survey [microform]</title>
     <sponsor>University of Illinois Urbana-Champaign</sponsor>
     <sponsor>Internet Archive</sponsor>
    </bibl>
   </sourceDesc>
  </fileDesc>
  <encodingDesc>
   <xi:include xmlns:xi="http://www.w3.org/2001/XInclude" href="../schema/flpstaxonomy.xml">
    <xi:fallback>Taxonomy file not found.</xi:fallback>
   </xi:include>
  </encodingDesc>
  <profileDesc>
   <textClass>
    <catRef target="#grp-danish"/>
    <catRef target="#grp-danish #code-I.H"/>
    <catRef target="#grp-danish #code-I.D.2.c"/>
    <catRef target="#grp-danish #code-I.E"/>
   </textClass>
  </profileDesc>
  <revisionDesc>
   
   <change when="2012-11-22">Mapped 2010 transcriptions of 5420780_2 images to 5410780_2</change>
  </revisionDesc>
 </teiHeader>
 <text>
  <front>
   <pb facs="5410780_2_0152.jpg" n="1"/>
   <div type="group">
    <list>
     <item>DANISH</item>
    </list>
   </div>
   <div type="codes">
    <list>
     <item>I H</item>
     <item>I D 2 c</item>
     <item>I E</item>
    </list>
   </div>
   <div type="citation">
    <bibl><title>Danish Times</title>,
<date when="1930-07-11">July 11, 1930</date>.
<title level="a">THE HIGH COST OF LIVING</title><title level="a" type="sub">(Editorial)</title></bibl>
   </div>
  </front>
  <body>
   <p>Hope is considered by many as life's greatest asset, and indeed, none will deny that life without hope would soon become intolerable. Yet too much hope has the same effect on man as the quinine has on headache, both are dope.</p>
   <p>The American workingman, credited with having more privileges than his brother worker in Europe, surely has had his share. Close observation shows that the so-called privileges are indeed very limited.</p>
   <p>It is stated in our Constitution that our country is "for and by the people." However, the present labor situation, with its chaos and vast army of unemployed, should convince even the most optimistic among the workers that this constitutional phrase is pure and simple "bunk."</p>
   <pb facs="5410780_2_0153.jpg" n="2"/>
   <p>Our so-called prosperity has come to an end. Multitudes of American workers, the wealth builders of the nation, who blindly believed and hoped that the industrial leaders would take good care of them, now suddenly find themselves destitute, and in many cases belonging to an unorganized, and hence, unprotected group.</p>
   <p>Absolutely devoid of any representation or backing, these faithful American workers might eventually degrade into hoboes, criminals, or racketeers. It is deplorable that only too late are they beginning to realize that their hopes have been nothing but futile hallucinations.</p>
   <p>It is apparent then that their only salvation lies in the realization that action, and not hope, is the main factor in life. The workingmen must convert their hopes into reality.</p>
  </body>
 </text>
</TEI>
