<?xml version="1.0" encoding="UTF-8"?>
<?oxygen RNGSchema="../schema/flps0.2.rnc" type="compact"?>
<TEI xmlns="http://www.tei-c.org/ns/1.0">
 <teiHeader>
  <fileDesc>
   <titleStmt>
    <title>
     <bibl><title>Album of Genealogy and Biography</title>,
<date when="1899">1899</date>.
<title level="a">[Peter Madsen Lagoni]</title></bibl>
    </title>
   </titleStmt>
   <publicationStmt>
    <publisher>The Newberry Library</publisher>
    <pubPlace>Chicago, Illinois</pubPlace>
    <address>
     <addrLine>60 West Walton</addrLine>
     <addrLine>Chicago, IL 60610</addrLine>
     <addrLine>USA</addrLine>
     <addrLine>http://www.newberry.org</addrLine>
    </address>
    <idno>5410780_2_0430</idno>
   </publicationStmt>
   <notesStmt>
    <note>Transcribed from digital images contributed to the Internet
                    Archive by the University of Illinois at Urbana-Champaign.</note>
   </notesStmt>
   <sourceDesc>
    <bibl><title>Chicago Foreign Language Press Survey</title>, <date>1936-1941</date>, 
                    <sponsor>Works Projects Administration</sponsor>, 
                    <sponsor>Chicago Public Library Omnibus Project</sponsor></bibl>
    <bibl>
     <title>Chicago Foreign Language Press Survey [microform]</title>
     <sponsor>University of Illinois Urbana-Champaign</sponsor>
     <sponsor>Internet Archive</sponsor>
    </bibl>
   </sourceDesc>
  </fileDesc>
  <encodingDesc>
   <xi:include xmlns:xi="http://www.w3.org/2001/XInclude" href="../schema/flpstaxonomy.xml">
    <xi:fallback>Taxonomy file not found.</xi:fallback>
   </xi:include>
  </encodingDesc>
  <profileDesc>
   <textClass>
    <catRef target="#grp-danish"/>
    <catRef target="#grp-danish #code-II.A.2"/>
    <catRef target="#grp-danish #code-III.A"/>
    <catRef target="#grp-danish #code-IV"/>
   </textClass>
  </profileDesc>
  <revisionDesc>
   
   <change when="2012-11-22">Mapped 2010 transcriptions of 5420780_2 images to 5410780_2</change>
  </revisionDesc>
 </teiHeader>
 <text>
  <front>
   <pb facs="5410780_2_0430.jpg" n="1"/>
   <div type="group">
    <list>
     <item>DANISH</item>
    </list>
   </div>
   <div type="codes">
    <list>
     <item>II A 2</item>
     <item>III A</item>
     <item>IV</item>
    </list>
   </div>
   <div type="citation">
    <bibl><title>Album of Genealogy and Biography</title>,
<date when="1899">1899</date>.
<title level="a">[PETER MADSEN LAGONI]</title></bibl>
   </div>
  </front>
  <body>
   <p>Peter Madsen Lagoni was born in Denmark, April 27, 1845. He was a sailor and visited most parts of the world. He came to Chicago in 1867 and was in the express business until 1872, when he entered the real estate business. He took charge of the subdivision of Winslow, Jacobson &amp; Tolman, and established his office at the corner of North and Western Avenues. This property consisted of forty acres, and was at that time wild prairie and over one and one-half miles from any street car. Within six months the forty acres were sold mostly to Scandinavians.</p>
   <p>In 1885 he built an elegant three-story building at the corner of North and Western Avenues. First floor was his place of business. Second floor his residence and on the third floor, a hall, which was rented out for meetings.</p>
   <pb facs="5410780_2_0431.jpg" n="2"/>
   <p>He has a good private library and a great collection of relics and curiosities. He is a Republican.</p>
  </body>
 </text>
</TEI>
