<?xml version="1.0" encoding="UTF-8"?>
<?oxygen RNGSchema="../schema/flps0.2.rnc" type="compact"?>
<TEI xmlns="http://www.tei-c.org/ns/1.0">
 <teiHeader>
  <fileDesc>
   <titleStmt>
    <title>
     <bibl><title>Danish Times</title>,
<date when="1931-07-03">July 3, 1931</date>.
<title level="a">Comment on the Mooney Case</title></bibl>
    </title>
   </titleStmt>
   <publicationStmt>
    <publisher>The Newberry Library</publisher>
    <pubPlace>Chicago, Illinois</pubPlace>
    <address>
     <addrLine>60 West Walton</addrLine>
     <addrLine>Chicago, IL 60610</addrLine>
     <addrLine>USA</addrLine>
     <addrLine>http://www.newberry.org</addrLine>
    </address>
    <idno>5410780_2_0142</idno>
   </publicationStmt>
   <notesStmt>
    <note>Transcribed from digital images contributed to the Internet
                    Archive by the University of Illinois at Urbana-Champaign.</note>
   </notesStmt>
   <sourceDesc>
    <bibl><title>Chicago Foreign Language Press Survey</title>, <date>1936-1941</date>, 
                    <sponsor>Works Projects Administration</sponsor>, 
                    <sponsor>Chicago Public Library Omnibus Project</sponsor></bibl>
    <bibl>
     <title>Chicago Foreign Language Press Survey [microform]</title>
     <sponsor>University of Illinois Urbana-Champaign</sponsor>
     <sponsor>Internet Archive</sponsor>
    </bibl>
   </sourceDesc>
  </fileDesc>
  <encodingDesc>
   <xi:include xmlns:xi="http://www.w3.org/2001/XInclude" href="../schema/flpstaxonomy.xml">
    <xi:fallback>Taxonomy file not found.</xi:fallback>
   </xi:include>
  </encodingDesc>
  <profileDesc>
   <textClass>
    <catRef target="#grp-danish"/>
    <catRef target="#grp-danish #code-I.H"/>
    <catRef target="#grp-danish #code-II.E.2"/>
    <catRef target="#grp-danish #code-II.E.1"/>
    <catRef target="#grp-danish #code-I.C"/>
   </textClass>
  </profileDesc>
  <revisionDesc>
   
   <change when="2012-11-22">Mapped 2010 transcriptions of 5420780_2 images to 5410780_2</change>
  </revisionDesc>
 </teiHeader>
 <text>
  <front>
   <pb facs="5410780_2_0142.jpg" n="1"/>
   <div type="group">
    <list>
     <item>DANISH</item>
    </list>
   </div>
   <div type="codes">
    <list>
     <item>I H</item>
     <item>II E 2</item>
     <item>II E 1</item>
     <item>I C</item>
    </list>
   </div>
   <div type="citation">
    <bibl><title>Danish Times</title>,
<date when="1931-07-03">July 3, 1931</date>.
<title level="a">COMMENT ON THE MOONEY CASE</title></bibl>
   </div>
  </front>
  <body>
   <p>The American press again writes at length about the Mooney case.</p>
   <p>A Premier to a Prisoner</p>
   <p>American injustice as seen from the outside. Premier Stanning of Denmark sends his personal greeting and sympathy to Tom Mooney, prisoner in San Quentin. This famous European statesman had planned to come to the United States next month to visit the famous prisoner, but affairs of state forced him to postpone his visit.</p>
   <p>However the premier sends his cordial message to the prisoner.</p>
   <p>Yes, isn't it about time for patriotic, civilized Americans to begin to do a little thinking about a brand of American justice that arouses for its victims the sympathy of civilized people in all other parts of the world?</p>
   <pb facs="5410780_2_0143.jpg" n="2"/>
   <p>Premiers of great nations do not send their sympathy and respects to prisoners about whose innocence (?) there is any doubt in any reasonable, unprejudiced mind.</p>
   <p>A few days ago, Joseph L. Hefferman, Mayor of Youngstown, Ohio, received an official invitation from the City of Los Angeles, but he answered "as long as Mooney is in prison I will not visit the State of California, and I will do all I can to prevent anyone else from visiting your State. The Mooney case is not only a blot on the record of California, it is a sad chapter in the history of America and has brought shame on the nation. We back East are as much concerned as you are for California."</p>
   <p>Yes, free America's "Dreyfuss."</p>
  </body>
 </text>
</TEI>
