<?xml version="1.0" encoding="UTF-8"?>
<?oxygen RNGSchema="../schema/flps0.2.rnc" type="compact"?>
<TEI xmlns="http://www.tei-c.org/ns/1.0">
 <teiHeader>
  <fileDesc>
   <titleStmt>
    <title>
     <bibl><title>Revyen</title>,
<date when="1907-04-30">Apr. 30, 1907</date>.
<title level="a">Jubilee</title></bibl>
    </title>
   </titleStmt>
   <publicationStmt>
    <publisher>The Newberry Library</publisher>
    <pubPlace>Chicago, Illinois</pubPlace>
    <address>
     <addrLine>60 West Walton</addrLine>
     <addrLine>Chicago, IL 60610</addrLine>
     <addrLine>USA</addrLine>
     <addrLine>http://www.newberry.org</addrLine>
    </address>
    <idno>5410780_2_0542</idno>
   </publicationStmt>
   <notesStmt>
    <note>Transcribed from digital images contributed to the Internet
                    Archive by the University of Illinois at Urbana-Champaign.</note>
   </notesStmt>
   <sourceDesc>
    <bibl><title>Chicago Foreign Language Press Survey</title>, <date>1936-1941</date>, 
                    <sponsor>Works Projects Administration</sponsor>, 
                    <sponsor>Chicago Public Library Omnibus Project</sponsor></bibl>
    <bibl>
     <title>Chicago Foreign Language Press Survey [microform]</title>
     <sponsor>University of Illinois Urbana-Champaign</sponsor>
     <sponsor>Internet Archive</sponsor>
    </bibl>
   </sourceDesc>
  </fileDesc>
  <encodingDesc>
   <xi:include xmlns:xi="http://www.w3.org/2001/XInclude" href="../schema/flpstaxonomy.xml">
    <xi:fallback>Taxonomy file not found.</xi:fallback>
   </xi:include>
  </encodingDesc>
  <profileDesc>
   <textClass>
    <catRef target="#grp-danish"/>
    <catRef target="#grp-danish #code-II.A.3.b"/>
    <catRef target="#grp-danish #code-I.B.3.a"/>
    <catRef target="#grp-danish #code-II.A.1"/>
    <catRef target="#grp-danish #code-III.G"/>
    <catRef target="#grp-danish #code-IV"/>
   </textClass>
  </profileDesc>
  <revisionDesc>
   
   <change when="2012-11-22">Mapped 2010 transcriptions of 5420780_2 images to 5410780_2</change>
  </revisionDesc>
 </teiHeader>
 <text>
  <front>
   <pb facs="5410780_2_0542.jpg" n="1"/>
   <div type="group">
    <list>
     <item>DANISH</item>
    </list>
   </div>
   <div type="codes">
    <list>
     <item>II A 3 b</item>
     <item>I B 3 a</item>
     <item>II A 1</item>
     <item>III G</item>
     <item>IV</item>
    </list>
   </div>
   <div type="citation">
    <bibl><title>Revyen</title>,
<date when="1907-04-30">Apr. 30, 1907</date>.
<title level="a">JUBILEE</title></bibl>
   </div>
  </front>
  <body>
   <p>Last Sunday April 14, marked the twenty-fifth year since a well-known couple, instrument maker P. C. Paulsen and his wife, arrived in America with their two little boys Marinus and Carl. It had been Mr. Paulsen's dream to become a great musician; but he was poor, and violins were expensive, so he tackled the problem in a practical manner by making a violin himself. This experiment started him on the road to success as an instrument maker. He has made about 2,000 violins. Mr. Paulsen is always working, and is away from his shop only while eating his meals.</p>
   <p>His dream of becoming a musician was finally realized through his three sons of which the youngest, Valdemar Paulsen, was born in this country. The parents spared no efforts to educate and train the oldest son who is now a recognized violinist, teacher and noted composer. Although the two younger sons did not choose to become professional musicians, the Paulsen home on <pb facs="5410780_2_0543.jpg" n="2"/>Champlain Avenue, resounds with classical music produced by the domestic quartet consisting of the three Paulsen boys and Mrs. Marinus Paulsen.</p>
   <p>Mr. and Mrs. Paulsen are well liked by everybody, and the little group who helped them celebrate their jubilee last Sunday will long remember the hospitality they enjoyed in that ever hospitable home.</p>
  </body>
 </text>
</TEI>
