<?xml version="1.0" encoding="UTF-8"?>
<?oxygen RNGSchema="../schema/flps0.2.rnc" type="compact"?>
<TEI xmlns="http://www.tei-c.org/ns/1.0">
 <teiHeader>
  <fileDesc>
   <titleStmt>
    <title>
     <bibl><title>Revyen</title>,
<date when="1918-04-27">Apr. 27, 1918</date>.
<title level="a">Down with Bismarck Culture</title></bibl>
    </title>
   </titleStmt>
   <publicationStmt>
    <publisher>The Newberry Library</publisher>
    <pubPlace>Chicago, Illinois</pubPlace>
    <address>
     <addrLine>60 West Walton</addrLine>
     <addrLine>Chicago, IL 60610</addrLine>
     <addrLine>USA</addrLine>
     <addrLine>http://www.newberry.org</addrLine>
    </address>
    <idno>5410780_2_0049</idno>
   </publicationStmt>
   <notesStmt>
    <note>Transcribed from digital images contributed to the Internet
                    Archive by the University of Illinois at Urbana-Champaign.</note>
   </notesStmt>
   <sourceDesc>
    <bibl><title>Chicago Foreign Language Press Survey</title>, <date>1936-1941</date>, 
                    <sponsor>Works Projects Administration</sponsor>, 
                    <sponsor>Chicago Public Library Omnibus Project</sponsor></bibl>
    <bibl>
     <title>Chicago Foreign Language Press Survey [microform]</title>
     <sponsor>University of Illinois Urbana-Champaign</sponsor>
     <sponsor>Internet Archive</sponsor>
    </bibl>
   </sourceDesc>
  </fileDesc>
  <encodingDesc>
   <xi:include xmlns:xi="http://www.w3.org/2001/XInclude" href="../schema/flpstaxonomy.xml">
    <xi:fallback>Taxonomy file not found.</xi:fallback>
   </xi:include>
  </encodingDesc>
  <profileDesc>
   <textClass>
    <catRef target="#grp-danish"/>
    <catRef target="#grp-danish #code-I.G"/>
    <catRef target="#grp-danish #code-I.A.1.a"/>
    <catRef target="#grp-danish #code-I.C"/>
   </textClass>
  </profileDesc>
  <revisionDesc>
   
   <change when="2012-11-22">Mapped 2010 transcriptions of 5420780_2 images to 5410780_2</change>
  </revisionDesc>
 </teiHeader>
 <text>
  <front>
   <pb facs="5410780_2_0049.jpg" n="1"/>
   <div type="group">
    <list>
     <item>DANISH</item>
    </list>
   </div>
   <div type="codes">
    <list>
     <item>I G</item>
     <item>I A 1 a</item>
     <item>I C</item>
    </list>
   </div>
   <div type="citation">
    <bibl><title>Revyen</title>,
<date when="1918-04-27">Apr. 27, 1918</date>.
<title level="a">DOWN WITH BISMARCK CULTURE</title></bibl>
   </div>
  </front>
  <body>
   <p>The recent resolution of the Danish National Committee regarding changing the name of the Bismarck School, has been sent to the Board of Education and all the newspapers in Chicago, and reads as follows:</p>
   <p>"At a meeting of the Danish National Committee, representing forty Danish societies, in Dania Hall, Monday, April 15, 1918, the following resolution was adopted:</p>
   <p>"Whereas, the Northwest Side of Chicago is thickly populated with Americans of Danish descent, and</p>
   <p>"Whereas, the Bismarck School, Armitage and Central Park, is located in the <pb facs="5410780_2_0050.jpg" n="2"/>center of this territory, and</p>
   <p>"Whereas, the Americans of Danish birth, imbued with a deep sense of loyalty and patriotism for our country, strongly oppose the desecration of an American public school through its bearing the name of the former chancellor of the archenemy of our mother country, and</p>
   <p>"Be it resolved, that we express our feelings in this matter to your honorable board, and petition you in the name of American patriotism to change the name of this school to some name of patriotic prominence so that it will give inspiration to the ideals for which our country stands.</p>
   <p>Chicago, Illinois, April 19, 1918; W. Bauer, President; M. Rasmussen, Secretary."</p>
  </body>
 </text>
</TEI>
