<?xml version="1.0" encoding="UTF-8"?>
<?oxygen RNGSchema="../schema/flps0.2.rnc" type="compact"?>
<TEI xmlns="http://www.tei-c.org/ns/1.0">
 <teiHeader>
  <fileDesc>
   <titleStmt>
    <title>
     <bibl><title>Revyen</title>,
<date when="1914-08-29">Aug. 29, 1914</date>.
<title level="a">Danish Peace Resolution</title></bibl>
    </title>
   </titleStmt>
   <publicationStmt>
    <publisher>The Newberry Library</publisher>
    <pubPlace>Chicago, Illinois</pubPlace>
    <address>
     <addrLine>60 West Walton</addrLine>
     <addrLine>Chicago, IL 60610</addrLine>
     <addrLine>USA</addrLine>
     <addrLine>http://www.newberry.org</addrLine>
    </address>
    <idno>5410780_2_0080</idno>
   </publicationStmt>
   <notesStmt>
    <note>Transcribed from digital images contributed to the Internet
                    Archive by the University of Illinois at Urbana-Champaign.</note>
   </notesStmt>
   <sourceDesc>
    <bibl><title>Chicago Foreign Language Press Survey</title>, <date>1936-1941</date>, 
                    <sponsor>Works Projects Administration</sponsor>, 
                    <sponsor>Chicago Public Library Omnibus Project</sponsor></bibl>
    <bibl>
     <title>Chicago Foreign Language Press Survey [microform]</title>
     <sponsor>University of Illinois Urbana-Champaign</sponsor>
     <sponsor>Internet Archive</sponsor>
    </bibl>
   </sourceDesc>
  </fileDesc>
  <encodingDesc>
   <xi:include xmlns:xi="http://www.w3.org/2001/XInclude" href="../schema/flpstaxonomy.xml">
    <xi:fallback>Taxonomy file not found.</xi:fallback>
   </xi:include>
  </encodingDesc>
  <profileDesc>
   <textClass>
    <catRef target="#grp-danish"/>
    <catRef target="#grp-danish #code-I.G"/>
    <catRef target="#grp-danish #code-I.F.3"/>
   </textClass>
  </profileDesc>
  <revisionDesc>
   
   <change when="2012-11-22">Mapped 2010 transcriptions of 5420780_2 images to 5410780_2</change>
  </revisionDesc>
 </teiHeader>
 <text>
  <front>
   <pb facs="5410780_2_0080.jpg" n="1"/>
   <div type="group">
    <list>
     <item>DANISH</item>
    </list>
   </div>
   <div type="codes">
    <list>
     <item>I G</item>
     <item>I F 3</item>
    </list>
   </div>
   <div type="citation">
    <bibl><title>Revyen</title>,
<date when="1914-08-29">Aug. 29, 1914</date>.
<title level="a">DANISH PEACE RESOLUTION</title></bibl>
   </div>
  </front>
  <body>
   <p>At a meeting last week, the Danish Peace Committee passed the following resolution:</p>
   <p>"We, the Danish citizens of Chicago, desire to place on record our deep sorrow that so horrible a war should occur in our day of advanced civilization.</p>
   <p>"We earnestly hope and pray that the war may come to an end and that the sacrifice of life and the suffering of women and children may soon be over.</p>
   <p>"While we are citizens of this great Republic and are fully mindful of <pb facs="5410780_2_0081.jpg" n="2"/>our allegiance and devotion to our adopted country, Denmark's position in the hour of Europe's catastrophe, moves our hearts and memories, and we pray and hope that she may not be drawn into war.</p>
   <p>"Inasmuch as today's civilization, its progress in knowledge, and desire to protect humanity have been insufficient to save us from universal war, we believe the world will soon be ready to listen to complete disarmament plans, and we urge Congress to propose a compact among all nations to that effect.</p>
   <p>"We heartily commend the enlightened stand of President Woodrow Wilson, who, <pb facs="5410780_2_0082.jpg" n="3"/>while offering his service as mediator to the belligerents, counsels calm neutrality and more devoted citizenship on the part of all classes of Americans."</p>
  </body>
 </text>
</TEI>
