<?xml version="1.0" encoding="UTF-8"?>
<?oxygen RNGSchema="../schema/flps0.2.rnc" type="compact"?>
<TEI xmlns="http://www.tei-c.org/ns/1.0">
 <teiHeader>
  <fileDesc>
   <titleStmt>
    <title>
     <bibl><title>Revyen</title>,
<date when="1913-11-15">Nov. 15, 1913</date>.
<title level="a">Harmonien's Concert</title><title level="a" type="sub">(Condensed)</title></bibl>
    </title>
   </titleStmt>
   <publicationStmt>
    <publisher>The Newberry Library</publisher>
    <pubPlace>Chicago, Illinois</pubPlace>
    <address>
     <addrLine>60 West Walton</addrLine>
     <addrLine>Chicago, IL 60610</addrLine>
     <addrLine>USA</addrLine>
     <addrLine>http://www.newberry.org</addrLine>
    </address>
    <idno>5410780_2_0736</idno>
   </publicationStmt>
   <notesStmt>
    <note>Transcribed from digital images contributed to the Internet
                    Archive by the University of Illinois at Urbana-Champaign.</note>
   </notesStmt>
   <sourceDesc>
    <bibl><title>Chicago Foreign Language Press Survey</title>, <date>1936-1941</date>, 
                    <sponsor>Works Projects Administration</sponsor>, 
                    <sponsor>Chicago Public Library Omnibus Project</sponsor></bibl>
    <bibl>
     <title>Chicago Foreign Language Press Survey [microform]</title>
     <sponsor>University of Illinois Urbana-Champaign</sponsor>
     <sponsor>Internet Archive</sponsor>
    </bibl>
   </sourceDesc>
  </fileDesc>
  <encodingDesc>
   <xi:include xmlns:xi="http://www.w3.org/2001/XInclude" href="../schema/flpstaxonomy.xml">
    <xi:fallback>Taxonomy file not found.</xi:fallback>
   </xi:include>
  </encodingDesc>
  <profileDesc>
   <textClass>
    <catRef target="#grp-danish"/>
    <catRef target="#grp-danish #code-II.B.1.a"/>
   </textClass>
  </profileDesc>
  <revisionDesc>
   
   <change when="2012-11-22">Mapped 2010 transcriptions of 5420780_2 images to 5410780_2</change>
  </revisionDesc>
 </teiHeader>
 <text>
  <front>
   <pb facs="5410780_2_0736.jpg" n="1"/>
   <div type="group">
    <list>
     <item>DANISH</item>
    </list>
   </div>
   <div type="codes">
    <list>
     <item>II B 1 a</item>
    </list>
   </div>
   <div type="citation">
    <bibl><title>Revyen</title>,
<date when="1913-11-15">Nov. 15, 1913</date>.
<title level="a">HARMONIEN'S CONCERT</title><title level="a" type="sub">(Condensed)</title></bibl>
   </div>
  </front>
  <body>
   <p>As expected, Bjorgvin's Hall was not big enough for Harmonien's concert last Saturday, for everybody knows that at such an event they get their money's worth, and then some.</p>
   <p>The director this time was Mr.Emil Biorn, who has been taking Mr. Mossberg's place during the latter's absence, and the change does not seem to have affected the choir adversely at all.</p>
   <p>The introductory and, in our opinion, also the most impressive number, was a composition by Carl Nielsen, Denmark's most prominent composer at the present time, "You Danish Man," which we also remember so well from the Danish student singer's visit here. The ladies' singing society Illinois also sang one of Nielsen's compositions, and it was a real pleasure to listen to the two choirs render their old and many new numbers.</p>
   <pb facs="5410780_2_0737.jpg" n="2"/>
   <p>Dancing finished up the thoroughly enjoyable evening.</p>
  </body>
 </text>
</TEI>
