<?xml version="1.0" encoding="UTF-8"?>
<?oxygen RNGSchema="../schema/flps0.2.rnc" type="compact"?>
<TEI xmlns="http://www.tei-c.org/ns/1.0">
 <teiHeader>
  <fileDesc>
   <titleStmt>
    <title>
     <bibl><title>Scandia</title>,
<date when="1914-03-07">Mar. 7, 1914</date>.
<title level="a">The Harmonien Singing Society</title></bibl>
    </title>
   </titleStmt>
   <publicationStmt>
    <publisher>The Newberry Library</publisher>
    <pubPlace>Chicago, Illinois</pubPlace>
    <address>
     <addrLine>60 West Walton</addrLine>
     <addrLine>Chicago, IL 60610</addrLine>
     <addrLine>USA</addrLine>
     <addrLine>http://www.newberry.org</addrLine>
    </address>
    <idno>5410780_2_0727</idno>
   </publicationStmt>
   <notesStmt>
    <note>Transcribed from digital images contributed to the Internet
                    Archive by the University of Illinois at Urbana-Champaign.</note>
   </notesStmt>
   <sourceDesc>
    <bibl><title>Chicago Foreign Language Press Survey</title>, <date>1936-1941</date>, 
                    <sponsor>Works Projects Administration</sponsor>, 
                    <sponsor>Chicago Public Library Omnibus Project</sponsor></bibl>
    <bibl>
     <title>Chicago Foreign Language Press Survey [microform]</title>
     <sponsor>University of Illinois Urbana-Champaign</sponsor>
     <sponsor>Internet Archive</sponsor>
    </bibl>
   </sourceDesc>
  </fileDesc>
  <encodingDesc>
   <xi:include xmlns:xi="http://www.w3.org/2001/XInclude" href="../schema/flpstaxonomy.xml">
    <xi:fallback>Taxonomy file not found.</xi:fallback>
   </xi:include>
  </encodingDesc>
  <profileDesc>
   <textClass>
    <catRef target="#grp-danish"/>
    <catRef target="#grp-danish #code-II.B.1.a"/>
    <catRef target="#grp-danish #code-IV"/>
   </textClass>
  </profileDesc>
  <revisionDesc>
   
   <change when="2012-11-22">Mapped 2010 transcriptions of 5420780_2 images to 5410780_2</change>
  </revisionDesc>
 </teiHeader>
 <text>
  <front>
   <pb facs="5410780_2_0727.jpg" n="1"/>
   <div type="group">
    <list>
     <item>DANISH</item>
    </list>
   </div>
   <div type="codes">
    <list>
     <item>II B 1 a</item>
     <item>IV</item>
    </list>
   </div>
   <div type="citation">
    <bibl><title>Scandia</title>,
<date when="1914-03-07">Mar. 7, 1914</date>.
<title level="a">THE HARMONIEN SINGING SOCIETY</title></bibl>
   </div>
  </front>
  <body>
   <p>The Harmonien Singing Society gave its first spring concert last Sunday.</p>
   <p>The program was as follows:</p>
   <table>
    <row>
     <cell>1. Orchestra</cell>
     <cell/>
    </row>
    <row>
     <cell>2. a) "Der er et Yndigt Land" (There Is a Beautiful Land)</cell>
     <cell>Kroyer</cell>
    </row>
    <row>
     <cell>b) "Bon for Danmark (Prayer for Denmark)</cell>
     <cell>Horneman Harmonien</cell>
    </row>
    <row>
     <cell>3. a) Solo, Serenade</cell>
     <cell>Svendsen</cell>
    </row>
    <row>
     <cell>b) Solo, "Maisang"</cell>
     <cell>Lembeke Holger Petersen</cell>
    </row>
    <row>
     <cell>4. "Vocal Combaty</cell>
     <cell>Dudley Buck Harmonien</cell>
    </row>
   </table>
   <pb facs="5410780_2_0728.jpg" n="2"/>
   <table>
    <row>
     <cell>5. Orchestra</cell>
     <cell/>
    </row>
    <row>
     <cell>6. a) Solo, "Natten" (Night)</cell>
     <cell>Elberg Rudolph Brechel</cell>
    </row>
    <row>
     <cell>b) Solo, "Violen" (The Viol)</cell>
     <cell>Holger Petersen</cell>
    </row>
    <row>
     <cell>7. Duet, "In This Solemn House"</cell>
     <cell>Verdi Joel Mossberg and Holger Petersen</cell>
    </row>
    <row>
     <cell>8. "Svenska Fosterjorden"</cell>
     <cell>Joel Mossberg and Harmonien</cell>
    </row>
    <row>
     <cell>9. "Pirates' Chorus" from "Ernani"</cell>
     <cell>Verdi Harmonien and Orchestra</cell>
    </row>
   </table>
  </body>
 </text>
</TEI>
