<?xml version="1.0" encoding="UTF-8"?>
<?oxygen RNGSchema="../schema/flps0.2.rnc" type="compact"?>
<TEI xmlns="http://www.tei-c.org/ns/1.0">
 <teiHeader>
  <fileDesc>
   <titleStmt>
    <title>
     <bibl><title>Revyen</title>,
<date when="1914-03-14">Mar. 14, 1914</date>.
<title level="a">Meeting</title></bibl>
    </title>
   </titleStmt>
   <publicationStmt>
    <publisher>The Newberry Library</publisher>
    <pubPlace>Chicago, Illinois</pubPlace>
    <address>
     <addrLine>60 West Walton</addrLine>
     <addrLine>Chicago, IL 60610</addrLine>
     <addrLine>USA</addrLine>
     <addrLine>http://www.newberry.org</addrLine>
    </address>
    <idno>5410780_2_0193</idno>
   </publicationStmt>
   <notesStmt>
    <note>Transcribed from digital images contributed to the Internet
                    Archive by the University of Illinois at Urbana-Champaign.</note>
   </notesStmt>
   <sourceDesc>
    <bibl><title>Chicago Foreign Language Press Survey</title>, <date>1936-1941</date>, 
                    <sponsor>Works Projects Administration</sponsor>, 
                    <sponsor>Chicago Public Library Omnibus Project</sponsor></bibl>
    <bibl>
     <title>Chicago Foreign Language Press Survey [microform]</title>
     <sponsor>University of Illinois Urbana-Champaign</sponsor>
     <sponsor>Internet Archive</sponsor>
    </bibl>
   </sourceDesc>
  </fileDesc>
  <encodingDesc>
   <xi:include xmlns:xi="http://www.w3.org/2001/XInclude" href="../schema/flpstaxonomy.xml">
    <xi:fallback>Taxonomy file not found.</xi:fallback>
   </xi:include>
  </encodingDesc>
  <profileDesc>
   <textClass>
    <catRef target="#grp-danish"/>
    <catRef target="#grp-danish #code-I.K"/>
    <catRef target="#grp-danish #code-I.F.2"/>
    <catRef target="#grp-norwegian #code-I.F.2"/>
    <catRef target="#grp-swedish #code-I.F.2"/>
    <catRef target="#grp-norwegian #code-I.F.2"/>
    <catRef target="#grp-swedish #code-I.F.2"/>
   </textClass>
  </profileDesc>
  <revisionDesc>
   
   <change when="2012-11-22">Mapped 2010 transcriptions of 5420780_2 images to 5410780_2</change>
  </revisionDesc>
 </teiHeader>
 <text>
  <front>
   <pb facs="5410780_2_0193.jpg" n="1"/>
   <div type="group">
    <list>
     <item>DANISH</item>
    </list>
   </div>
   <div type="codes">
    <list>
     <item>I K</item>
     <item>I F 2</item>
     <item>I F 2 (Norwegian)</item>
     <item>I F 2 (Swedish)</item>
     <item>I K (Norwegian)</item>
     <item>I K (Swedish)</item>
    </list>
   </div>
   <div type="citation">
    <bibl><title>Revyen</title>,
<date when="1914-03-14">Mar. 14, 1914</date>.
<title level="a">MEETING</title></bibl>
   </div>
  </front>
  <body>
   <p>A woman suffrage meeting will be held tomorrow afternoon at 3 o'clock in the Humboldt Park parish house for the purpose of urging women, regardless of party affiliations, to exercise their newly acquired right to vote, and remind them that in order to qualify as voters, they must register within the given time limit.</p>
   <p>The meeting will be addressed in English and Danish by Mrs. Lycinka Hansen; in Norwegian by Dr. Ingeborg Rasmussen; and in Swedish by Miss Rudd.</p>
  </body>
 </text>
</TEI>
