<?xml version="1.0" encoding="UTF-8"?>
<?oxygen RNGSchema="../schema/flps0.2.rnc" type="compact"?>
<TEI xmlns="http://www.tei-c.org/ns/1.0">
 <teiHeader>
  <fileDesc>
   <titleStmt>
    <title>
     <bibl><title>Album of Genealogy and Biography</title>,
<date when="1899">1899</date>.
<title level="a">[William Hansen]</title></bibl>
    </title>
   </titleStmt>
   <publicationStmt>
    <publisher>The Newberry Library</publisher>
    <pubPlace>Chicago, Illinois</pubPlace>
    <address>
     <addrLine>60 West Walton</addrLine>
     <addrLine>Chicago, IL 60610</addrLine>
     <addrLine>USA</addrLine>
     <addrLine>http://www.newberry.org</addrLine>
    </address>
    <idno>5410780_2_0427</idno>
   </publicationStmt>
   <notesStmt>
    <note>Transcribed from digital images contributed to the Internet
                    Archive by the University of Illinois at Urbana-Champaign.</note>
   </notesStmt>
   <sourceDesc>
    <bibl><title>Chicago Foreign Language Press Survey</title>, <date>1936-1941</date>, 
                    <sponsor>Works Projects Administration</sponsor>, 
                    <sponsor>Chicago Public Library Omnibus Project</sponsor></bibl>
    <bibl>
     <title>Chicago Foreign Language Press Survey [microform]</title>
     <sponsor>University of Illinois Urbana-Champaign</sponsor>
     <sponsor>Internet Archive</sponsor>
    </bibl>
   </sourceDesc>
  </fileDesc>
  <encodingDesc>
   <xi:include xmlns:xi="http://www.w3.org/2001/XInclude" href="../schema/flpstaxonomy.xml">
    <xi:fallback>Taxonomy file not found.</xi:fallback>
   </xi:include>
  </encodingDesc>
  <profileDesc>
   <textClass>
    <catRef target="#grp-danish"/>
    <catRef target="#grp-danish #code-II.A.2"/>
   </textClass>
  </profileDesc>
  <revisionDesc>
   
   <change when="2012-11-22">Mapped 2010 transcriptions of 5420780_2 images to 5410780_2</change>
  </revisionDesc>
 </teiHeader>
 <text>
  <front>
   <pb facs="5410780_2_0427.jpg" n="1"/>
   <div type="group">
    <list>
     <item>DANISH</item>
    </list>
   </div>
   <div type="codes">
    <list>
     <item>II A 2</item>
    </list>
   </div>
   <div type="citation">
    <bibl><title>Album of Genealogy and Biography</title>,
<date when="1899">1899</date>.
<title level="a">[WILLIAM HANSEN]</title></bibl>
   </div>
  </front>
  <body>
   <p>William Hansen, who has a cigar and confectionery establishment at No. 405 Division Street, Chicago, is one of the oldest business men in that street.</p>
   <p>He was born February 7, 1846, in Flensburg, then a part of Denmark, now a part of Germany. He is a ship carpenter by trade and has in this capacity sailed the seven seas for twelve years. In 1872 he bought his own ship and sailed as captain for five years.</p>
   <p>He came to America and Chicago in 1873. He worked for some years in a box and barrel factory and as a shipbuilder. In 1884 he opened a confectionery and tobacco store on Division Street.</p>
   <pb facs="5410780_2_0428.jpg" n="2"/>
   <p>In 1873 he was married in Denmark to Miss Anna Larsen. Mr. Hansen is a member of Covenant Lodge No. 526, Ancient Free and Accepted Masons; Wicker Park Lodge No. 281, Independent Order of Odd Fellows; and Victory Encampment No. 108, of the same order. He is a Republican.</p>
  </body>
 </text>
</TEI>
