<?xml version="1.0" encoding="UTF-8"?>
<?oxygen RNGSchema="../schema/flps0.2.rnc" type="compact"?>
<TEI xmlns="http://www.tei-c.org/ns/1.0">
 <teiHeader>
  <fileDesc>
   <titleStmt>
    <title>
     <bibl><title>Revyen</title>,
<date when="1911-05-20">May 20, 1911</date>.
<title level="a">Corydon</title></bibl>
    </title>
   </titleStmt>
   <publicationStmt>
    <publisher>The Newberry Library</publisher>
    <pubPlace>Chicago, Illinois</pubPlace>
    <address>
     <addrLine>60 West Walton</addrLine>
     <addrLine>Chicago, IL 60610</addrLine>
     <addrLine>USA</addrLine>
     <addrLine>http://www.newberry.org</addrLine>
    </address>
    <idno>5410780_2_0388</idno>
   </publicationStmt>
   <notesStmt>
    <note>Transcribed from digital images contributed to the Internet
                    Archive by the University of Illinois at Urbana-Champaign.</note>
   </notesStmt>
   <sourceDesc>
    <bibl><title>Chicago Foreign Language Press Survey</title>, <date>1936-1941</date>, 
                    <sponsor>Works Projects Administration</sponsor>, 
                    <sponsor>Chicago Public Library Omnibus Project</sponsor></bibl>
    <bibl>
     <title>Chicago Foreign Language Press Survey [microform]</title>
     <sponsor>University of Illinois Urbana-Champaign</sponsor>
     <sponsor>Internet Archive</sponsor>
    </bibl>
   </sourceDesc>
  </fileDesc>
  <encodingDesc>
   <xi:include xmlns:xi="http://www.w3.org/2001/XInclude" href="../schema/flpstaxonomy.xml">
    <xi:fallback>Taxonomy file not found.</xi:fallback>
   </xi:include>
  </encodingDesc>
  <profileDesc>
   <textClass>
    <catRef target="#grp-danish"/>
    <catRef target="#grp-danish #code-II.A.2"/>
    <catRef target="#grp-danish #code-III.H"/>
    <catRef target="#grp-danish #code-IV"/>
   </textClass>
  </profileDesc>
  <revisionDesc>
   
   <change when="2012-11-22">Mapped 2010 transcriptions of 5420780_2 images to 5410780_2</change>
  </revisionDesc>
 </teiHeader>
 <text>
  <front>
   <pb facs="5410780_2_0388.jpg" n="1"/>
   <div type="group">
    <list>
     <item>DANISH</item>
    </list>
   </div>
   <div type="codes">
    <list>
     <item>II A 2</item>
     <item>III H</item>
     <item>IV</item>
    </list>
   </div>
   <div type="citation">
    <bibl><title>Revyen</title>,
<date when="1911-05-20">May 20, 1911</date>.
<title level="a">CORYDON</title></bibl>
   </div>
  </front>
  <body>
   <p>During their automobile ride along North Avenue next Monday afternoon, the visiting Danish student singers will notice the Danish Corydon store, a department store with a great future, located on the next corner from Humboldt Park.</p>
   <p>In the course of a few years Mr. Corydon has doubled his sales, and is now employing thirty persons, among whom are fifteen Danish clerks. Together with a few other store owners, he maintains an office on 14th Street in New York City in order to quickly supplement his stock with the latest products on the world-market.</p>
   <p>A pleasant and prosperous store, the policy of which it to treat its customers in such a manner that they like to come back.</p>
  </body>
 </text>
</TEI>
