<?xml version="1.0" encoding="UTF-8"?>
<?oxygen RNGSchema="../schema/flps0.2.rnc" type="compact"?>
<TEI xmlns="http://www.tei-c.org/ns/1.0">
 <teiHeader>
  <fileDesc>
   <titleStmt>
    <title>
     <bibl><title>Revyen</title>,
<date when="1914-02-07">Feb. 7, 1914</date>.
<title level="a">The Danes on America's Prairies</title></bibl>
    </title>
   </titleStmt>
   <publicationStmt>
    <publisher>The Newberry Library</publisher>
    <pubPlace>Chicago, Illinois</pubPlace>
    <address>
     <addrLine>60 West Walton</addrLine>
     <addrLine>Chicago, IL 60610</addrLine>
     <addrLine>USA</addrLine>
     <addrLine>http://www.newberry.org</addrLine>
    </address>
    <idno>5410780_2_0215</idno>
   </publicationStmt>
   <notesStmt>
    <note>Transcribed from digital images contributed to the Internet
                    Archive by the University of Illinois at Urbana-Champaign.</note>
   </notesStmt>
   <sourceDesc>
    <bibl><title>Chicago Foreign Language Press Survey</title>, <date>1936-1941</date>, 
                    <sponsor>Works Projects Administration</sponsor>, 
                    <sponsor>Chicago Public Library Omnibus Project</sponsor></bibl>
    <bibl>
     <title>Chicago Foreign Language Press Survey [microform]</title>
     <sponsor>University of Illinois Urbana-Champaign</sponsor>
     <sponsor>Internet Archive</sponsor>
    </bibl>
   </sourceDesc>
  </fileDesc>
  <encodingDesc>
   <xi:include xmlns:xi="http://www.w3.org/2001/XInclude" href="../schema/flpstaxonomy.xml">
    <xi:fallback>Taxonomy file not found.</xi:fallback>
   </xi:include>
  </encodingDesc>
  <profileDesc>
   <textClass>
    <catRef target="#grp-danish"/>
    <catRef target="#grp-danish #code-I.L"/>
   </textClass>
  </profileDesc>
  <revisionDesc>
   
   <change when="2012-11-22">Mapped 2010 transcriptions of 5420780_2 images to 5410780_2</change>
  </revisionDesc>
 </teiHeader>
 <text>
  <front>
   <pb facs="5410780_2_0215.jpg" n="1"/>
   <div type="group">
    <list>
     <item>DANISH</item>
    </list>
   </div>
   <div type="codes">
    <list>
     <item>I L</item>
    </list>
   </div>
   <div type="citation">
    <bibl><title>Revyen</title>,
<date when="1914-02-07">Feb. 7, 1914</date>.
<title level="a">THE DANES ON AMERICA'S PRAIRIES</title></bibl>
   </div>
  </front>
  <body>
   <p>A former Danish railroad man, Peter Hansen, bought land on the Michigan prairie fifteen or sixteen years ago and specialized in the raising of potatoes, for which he is now using fifteen acres. On this area he harvested about 1000 bushels of potatoes last year, a record for which he and Danish farmers in general are being acclaimed by one of the largest newspapers in the state.</p>
   <p>Says the paper: "Among the farmers in West and Middle Michigan, the Danes seem to be the ablest, and the county of Montcalm has become amazingly fertile under their hands.</p>
   <p>"Most of them arrived here only a few years ago from their homeland, with nothing but their baggage, which they carried on their backs, and they started in with empty hands. Almost every Dane who settled in these parts <pb facs="5410780_2_0216.jpg" n="2"/>on virgin soil has prospered.</p>
   <p>They are the type of people that do not sit down and wait for lady luck to come around; they go after her! Go out among their farms and see how fertile they are, how healthy and happy are their children and their homes attractive.</p>
   <p>These farmers enjoy good living, and are as a rule happy and contented. They do not like to quarrel; their word is as good as a cashier's check, and they pay their bills on the date on which they are due."</p>
  </body>
 </text>
</TEI>
