<?xml version="1.0" encoding="UTF-8"?>
<?oxygen RNGSchema="../schema/flps0.2.rnc" type="compact"?>
<TEI xmlns="http://www.tei-c.org/ns/1.0">
 <teiHeader>
  <fileDesc>
   <titleStmt>
    <title>
     <bibl><title>Revyen</title>,
<date when="1912-11-09">Nov. 9, 1912</date>.
<title level="a">Danish Singers to Meet in 1915</title></bibl>
    </title>
   </titleStmt>
   <publicationStmt>
    <publisher>The Newberry Library</publisher>
    <pubPlace>Chicago, Illinois</pubPlace>
    <address>
     <addrLine>60 West Walton</addrLine>
     <addrLine>Chicago, IL 60610</addrLine>
     <addrLine>USA</addrLine>
     <addrLine>http://www.newberry.org</addrLine>
    </address>
    <idno>5410780_2_0751</idno>
   </publicationStmt>
   <notesStmt>
    <note>Transcribed from digital images contributed to the Internet
                    Archive by the University of Illinois at Urbana-Champaign.</note>
   </notesStmt>
   <sourceDesc>
    <bibl><title>Chicago Foreign Language Press Survey</title>, <date>1936-1941</date>, 
                    <sponsor>Works Projects Administration</sponsor>, 
                    <sponsor>Chicago Public Library Omnibus Project</sponsor></bibl>
    <bibl>
     <title>Chicago Foreign Language Press Survey [microform]</title>
     <sponsor>University of Illinois Urbana-Champaign</sponsor>
     <sponsor>Internet Archive</sponsor>
    </bibl>
   </sourceDesc>
  </fileDesc>
  <encodingDesc>
   <xi:include xmlns:xi="http://www.w3.org/2001/XInclude" href="../schema/flpstaxonomy.xml">
    <xi:fallback>Taxonomy file not found.</xi:fallback>
   </xi:include>
  </encodingDesc>
  <profileDesc>
   <textClass>
    <catRef target="#grp-danish"/>
    <catRef target="#grp-danish #code-II.B.1.a"/>
    <catRef target="#grp-danish #code-II.B.1.c.3"/>
   </textClass>
  </profileDesc>
  <revisionDesc>
   
   <change when="2012-11-22">Mapped 2010 transcriptions of 5420780_2 images to 5410780_2</change>
  </revisionDesc>
 </teiHeader>
 <text>
  <front>
   <pb facs="5410780_2_0751.jpg" n="1"/>
   <div type="group">
    <list>
     <item>DANISH</item>
    </list>
   </div>
   <div type="codes">
    <list>
     <item>II B 1 a</item>
     <item>II B 1 c (3)</item>
    </list>
   </div>
   <div type="citation">
    <bibl><title>Revyen</title>,
<date when="1912-11-09">Nov. 9, 1912</date>.
<title level="a">DANISH SINGERS TO MEET IN 1915</title></bibl>
   </div>
  </front>
  <body>
   <p>The Danish singing society Harmonien of Chicago voted last spring to start preparation for an excursion to the San Francisco exposition in 1915, to sing at the dedication ceremony of the Danish pavilion. Action was immediately taken for financing the trip by the establishment of a fund to which every member of the society is to pay a monthly contribution. This fund has already reached over $600, and with such a flying start it may be considered certain that the plan will be realized.</p>
   <p>At the same time, Harmonien's proposal that other Danish-American singing societies join the plan, has met with such enthusiastic response that the prospects are excellent for a real Danish singers' pow-wow in San Francisco in 1915, and this again may be the beginning of the formation of a National Danish-American singers' league. The Danish Brotherhood's singing society Magneten, of Chicago, is planning to cooperate with Harmonien in this matter, and a final decision will be made at an early date.</p>
   <pb facs="5410780_2_0752.jpg" n="2"/>
   <p>Societies in the East, as well as on the West Coast, are also expected to be interested in this undertaking, and it might thus be possible to muster a Danish male chorus of 400 or 500 voices for the San Francisco exposition.</p>
   <p>The men in charge of the Danish building and exhibit are, of course, heartily indorsing the plan, and will give the singers all possible cooperation.</p>
  </body>
 </text>
</TEI>
