<?xml version="1.0" encoding="UTF-8"?>
<?oxygen RNGSchema="../schema/flps0.2.rnc" type="compact"?>
<TEI xmlns="http://www.tei-c.org/ns/1.0">
 <teiHeader>
  <fileDesc>
   <titleStmt>
    <title>
     <bibl><title>Chicago Evening Post</title>,
<date when="1930-02-13">Feb. 13, 1930</date>.
<title level="a">[Paulsen's Musical Successes]</title></bibl>
    </title>
   </titleStmt>
   <publicationStmt>
    <publisher>The Newberry Library</publisher>
    <pubPlace>Chicago, Illinois</pubPlace>
    <address>
     <addrLine>60 West Walton</addrLine>
     <addrLine>Chicago, IL 60610</addrLine>
     <addrLine>USA</addrLine>
     <addrLine>http://www.newberry.org</addrLine>
    </address>
    <idno>5410780_2_0467</idno>
   </publicationStmt>
   <notesStmt>
    <note>Transcribed from digital images contributed to the Internet
                    Archive by the University of Illinois at Urbana-Champaign.</note>
   </notesStmt>
   <sourceDesc>
    <bibl><title>Chicago Foreign Language Press Survey</title>, <date>1936-1941</date>, 
                    <sponsor>Works Projects Administration</sponsor>, 
                    <sponsor>Chicago Public Library Omnibus Project</sponsor></bibl>
    <bibl>
     <title>Chicago Foreign Language Press Survey [microform]</title>
     <sponsor>University of Illinois Urbana-Champaign</sponsor>
     <sponsor>Internet Archive</sponsor>
    </bibl>
   </sourceDesc>
  </fileDesc>
  <encodingDesc>
   <xi:include xmlns:xi="http://www.w3.org/2001/XInclude" href="../schema/flpstaxonomy.xml">
    <xi:fallback>Taxonomy file not found.</xi:fallback>
   </xi:include>
  </encodingDesc>
  <profileDesc>
   <textClass>
    <catRef target="#grp-danish"/>
    <catRef target="#grp-danish #code-II.A.3.b"/>
    <catRef target="#grp-danish #code-IV"/>
   </textClass>
  </profileDesc>
  <revisionDesc>
   
   <change when="2012-11-22">Mapped 2010 transcriptions of 5420780_2 images to 5410780_2</change>
  </revisionDesc>
 </teiHeader>
 <text>
  <front>
   <pb facs="5410780_2_0467.jpg" n="1"/>
   <div type="group">
    <list>
     <item>DANISH</item>
    </list>
   </div>
   <div type="codes">
    <list>
     <item>II A 3 b</item>
     <item>IV</item>
    </list>
   </div>
   <div type="citation">
    <bibl><title>The Chicago Evening Post</title>,
<date when="1930-02-13">Feb. 13, 1930</date>.
<title level="a">[PAULSEN'S MUSICAL SUCCESSES]</title></bibl>
   </div>
  </front>
  <body>
   <p>page 7 column 8...P. Marinus Paulsen is one of the best known of American conductors and has, in addition, won distinction as a violinist and composer. He was born in Aalborg, Donmark, and at and early age came to Chicago, where he received his education supplemented by a short finishing course in Europe. His teachers were Race, Listenann, Palk, and Svendsen of Copenhagen. Among his larger compositions is the sacred cantata "Love Triumpant." In 1923 he won the $1,000 prize offered by the Chicago ever for the best one poem with "Four Oriental Sketches," conducting, its first performance in said theater.</p>
   <p>Mr. Paulsen's identity with the Sherwood Music School has aided a great deal in winning success for that institution.</p>
  </body>
 </text>
</TEI>
