<?xml version="1.0" encoding="UTF-8"?>
<?oxygen RNGSchema="../schema/flps0.2.rnc" type="compact"?>
<TEI xmlns="http://www.tei-c.org/ns/1.0">
 <teiHeader>
  <fileDesc>
   <titleStmt>
    <title>
     <bibl><title>Revyen</title>,
<date when="1903-07-04">July 4, 1903</date>.
<title level="a">Actor Fieldstrup</title></bibl>
    </title>
   </titleStmt>
   <publicationStmt>
    <publisher>The Newberry Library</publisher>
    <pubPlace>Chicago, Illinois</pubPlace>
    <address>
     <addrLine>60 West Walton</addrLine>
     <addrLine>Chicago, IL 60610</addrLine>
     <addrLine>USA</addrLine>
     <addrLine>http://www.newberry.org</addrLine>
    </address>
    <idno>5410780_2_0649</idno>
   </publicationStmt>
   <notesStmt>
    <note>Transcribed from digital images contributed to the Internet
                    Archive by the University of Illinois at Urbana-Champaign.</note>
   </notesStmt>
   <sourceDesc>
    <bibl><title>Chicago Foreign Language Press Survey</title>, <date>1936-1941</date>, 
                    <sponsor>Works Projects Administration</sponsor>, 
                    <sponsor>Chicago Public Library Omnibus Project</sponsor></bibl>
    <bibl>
     <title>Chicago Foreign Language Press Survey [microform]</title>
     <sponsor>University of Illinois Urbana-Champaign</sponsor>
     <sponsor>Internet Archive</sponsor>
    </bibl>
   </sourceDesc>
  </fileDesc>
  <encodingDesc>
   <xi:include xmlns:xi="http://www.w3.org/2001/XInclude" href="../schema/flpstaxonomy.xml">
    <xi:fallback>Taxonomy file not found.</xi:fallback>
   </xi:include>
  </encodingDesc>
  <profileDesc>
   <textClass>
    <catRef target="#grp-danish"/>
    <catRef target="#grp-danish #code-II.A.3.d.1"/>
    <catRef target="#grp-danish #code-III.H"/>
   </textClass>
  </profileDesc>
  <revisionDesc>
   
   <change when="2012-11-22">Mapped 2010 transcriptions of 5420780_2 images to 5410780_2</change>
  </revisionDesc>
 </teiHeader>
 <text>
  <front>
   <pb facs="5410780_2_0649.jpg" n="1"/>
   <div type="group">
    <list>
     <item>DANISH</item>
    </list>
   </div>
   <div type="codes">
    <list>
     <item>II A 3 d (1)</item>
     <item>III H</item>
    </list>
   </div>
   <div type="citation">
    <bibl><title>Revyen</title>,
<date when="1903-07-04">July 4, 1903</date>.
<title level="a">ACTOR FIELDSTRUP</title></bibl>
   </div>
  </front>
  <body>
   <p>p.3......Last Sunday completely won the Danes of Chicago. It was his first public appearance in this country, and if we are to judge by this performance, we predict that both he and the Danish-Americans will derive great pleasure from this tour. A large and representative audience filled Wicker Park Hall, when Mr. Fieldstrup introduced himself and delivered a greeting from Denmark.</p>
   <p>The program started with a recitition of Abrahamson's "My Son, if you want to advance in this world, bow!" The wisdom and satire contained in this well known poem was depicted in a masterly manner. In the comedy "A Terrible Girl" Mr. Fieldstrup played the role of Duracher, and his perfect characterization of this comical figure kept the audience in a continous state of enthusiasm.</p>
   <p>After the performance many of the audience were introduced to the popular artist, who himself was anxious to meet as many of his compatriots as possible.</p>
  </body>
 </text>
</TEI>
