<?xml version="1.0" encoding="UTF-8"?>
<?oxygen RNGSchema="../schema/flps0.2.rnc" type="compact"?>
<TEI xmlns="http://www.tei-c.org/ns/1.0">
 <teiHeader>
  <fileDesc>
   <titleStmt>
    <title>
     <bibl><title>Scrapbook</title>, pp. 60, 63, and 69 of the Harmonien Singing Society.
<title level="a">[The First Danish Song Festival]</title></bibl>
    </title>
   </titleStmt>
   <publicationStmt>
    <publisher>The Newberry Library</publisher>
    <pubPlace>Chicago, Illinois</pubPlace>
    <address>
     <addrLine>60 West Walton</addrLine>
     <addrLine>Chicago, IL 60610</addrLine>
     <addrLine>USA</addrLine>
     <addrLine>http://www.newberry.org</addrLine>
    </address>
    <idno>5410780_2_0697</idno>
   </publicationStmt>
   <notesStmt>
    <note>Transcribed from digital images contributed to the Internet
                    Archive by the University of Illinois at Urbana-Champaign.</note>
   </notesStmt>
   <sourceDesc>
    <bibl><title>Chicago Foreign Language Press Survey</title>, <date>1936-1941</date>, 
                    <sponsor>Works Projects Administration</sponsor>, 
                    <sponsor>Chicago Public Library Omnibus Project</sponsor></bibl>
    <bibl>
     <title>Chicago Foreign Language Press Survey [microform]</title>
     <sponsor>University of Illinois Urbana-Champaign</sponsor>
     <sponsor>Internet Archive</sponsor>
    </bibl>
   </sourceDesc>
  </fileDesc>
  <encodingDesc>
   <xi:include xmlns:xi="http://www.w3.org/2001/XInclude" href="../schema/flpstaxonomy.xml">
    <xi:fallback>Taxonomy file not found.</xi:fallback>
   </xi:include>
  </encodingDesc>
  <profileDesc>
   <textClass>
    <catRef target="#grp-danish"/>
    <catRef target="#grp-danish #code-II.B.1.a"/>
    <catRef target="#grp-danish #code-II.B.1.c.3"/>
    <catRef target="#grp-danish #code-IV"/>
   </textClass>
  </profileDesc>
  <revisionDesc>
   
   <change when="2012-11-22">Mapped 2010 transcriptions of 5420780_2 images to 5410780_2</change>
  </revisionDesc>
 </teiHeader>
 <text>
  <front>
   <pb facs="5410780_2_0697.jpg" n="1"/>
   <div type="group">
    <list>
     <item>DANISH</item>
    </list>
   </div>
   <div type="codes">
    <list>
     <item>II B 1 a</item>
     <item>II B 1 c (3)</item>
     <item>IV</item>
    </list>
   </div>
   <div type="citation">
    <bibl><title>Scrapbook</title>, pp. 60, 63, and 69 of the Harmonien Singing Society.
<title level="a">[THE FIRST DANISH SONG FESTIVAL]</title></bibl>
   </div>
  </front>
  <body>
   <p>On May 5 and 6, 1922, the First Danish Song Festival of the Associated Danish Singers of America took place in Orchestra Hall, in Chicago.</p>
   <p>Laurits Olesen was the president of the association. Carl Busch, of Kansas City, was the director of the united chorus. The Chicago Symphony Orchestra assisted. The choruses which participated were Harmonien and Dansk Arbejder Sangforening (the Danish Workingmen's Singing Society), both of Chicago, and the Danish choruses from Muskegon, Michigan, and Detroit, Michigan. In all there were one hundred and fifty in the chorus. They sang "Viborg Domkirke" and "Niels Ebbesen," two Danish compositions. Mr. G. Stange and Axel Gundel played on the old Danish lur.</p>
   <p>The concert left a deficit of $2,000.</p>
  </body>
 </text>
</TEI>
