<?xml version="1.0" encoding="UTF-8"?>
<?oxygen RNGSchema="../schema/flps0.2.rnc" type="compact"?>
<TEI xmlns="http://www.tei-c.org/ns/1.0">
 <teiHeader>
  <fileDesc>
   <titleStmt>
    <title>
     <bibl><title>Hejmdal</title>,
<date when="1876-05-20">May 20, 1876</date>.
<title level="a">[Chicago Dane Invents Stove]</title></bibl>
    </title>
   </titleStmt>
   <publicationStmt>
    <publisher>The Newberry Library</publisher>
    <pubPlace>Chicago, Illinois</pubPlace>
    <address>
     <addrLine>60 West Walton</addrLine>
     <addrLine>Chicago, IL 60610</addrLine>
     <addrLine>USA</addrLine>
     <addrLine>http://www.newberry.org</addrLine>
    </address>
    <idno>5410780_2_0442</idno>
   </publicationStmt>
   <notesStmt>
    <note>Transcribed from digital images contributed to the Internet
                    Archive by the University of Illinois at Urbana-Champaign.</note>
   </notesStmt>
   <sourceDesc>
    <bibl><title>Chicago Foreign Language Press Survey</title>, <date>1936-1941</date>, 
                    <sponsor>Works Projects Administration</sponsor>, 
                    <sponsor>Chicago Public Library Omnibus Project</sponsor></bibl>
    <bibl>
     <title>Chicago Foreign Language Press Survey [microform]</title>
     <sponsor>University of Illinois Urbana-Champaign</sponsor>
     <sponsor>Internet Archive</sponsor>
    </bibl>
   </sourceDesc>
  </fileDesc>
  <encodingDesc>
   <xi:include xmlns:xi="http://www.w3.org/2001/XInclude" href="../schema/flpstaxonomy.xml">
    <xi:fallback>Taxonomy file not found.</xi:fallback>
   </xi:include>
  </encodingDesc>
  <profileDesc>
   <textClass>
    <catRef target="#grp-danish"/>
    <catRef target="#grp-danish #code-II.A.2"/>
   </textClass>
  </profileDesc>
  <revisionDesc>
   
   <change when="2012-11-22">Mapped 2010 transcriptions of 5420780_2 images to 5410780_2</change>
  </revisionDesc>
 </teiHeader>
 <text>
  <front>
   <pb facs="5410780_2_0442.jpg" n="1"/>
   <div type="group">
    <list>
     <item>DANISH</item>
    </list>
   </div>
   <div type="codes">
    <list>
     <item>II A 2</item>
    </list>
   </div>
   <div type="citation">
    <bibl><title>Hejmdal</title>,
<date when="1876-05-20">May 20, 1876</date>.
<title level="a">[CHICAGO DANE INVENTS STOVE]</title></bibl>
   </div>
  </front>
  <body>
   <p>A Dane in Chicago has invented and patented a stove which gives an even heat and at the same time keeps fresh air in the room by means of a ventilation system. The inventor's name is Winterlichs. His stove has two walls and air space between them, which prevents the top of the stove from becoming red hot, but provides for heating the air. The fresh air goes into the wall space of the stove through a pipe from beneath the floor; the hot air goes out at the top of the stove and circles around the room. The used air is heavier than the hot air; hence it goes to the floor and slips out at an opening in the floor which is connected with the chimney. The draft in the chimney works like a pump and drains the foul air out.</p>
  </body>
 </text>
</TEI>
