<?xml version="1.0" encoding="UTF-8"?>
<?oxygen RNGSchema="../schema/flps0.2.rnc" type="compact"?>
<TEI xmlns="http://www.tei-c.org/ns/1.0">
 <teiHeader>
  <fileDesc>
   <titleStmt>
    <title>
     <bibl><title>Revyen</title>,
<date when="1918-05-25">May 25, 1918</date>.
<title level="a">Landscape Architect Jens Jensen</title></bibl>
    </title>
   </titleStmt>
   <publicationStmt>
    <publisher>The Newberry Library</publisher>
    <pubPlace>Chicago, Illinois</pubPlace>
    <address>
     <addrLine>60 West Walton</addrLine>
     <addrLine>Chicago, IL 60610</addrLine>
     <addrLine>USA</addrLine>
     <addrLine>http://www.newberry.org</addrLine>
    </address>
    <idno>5410780_2_0462</idno>
   </publicationStmt>
   <notesStmt>
    <note>Transcribed from digital images contributed to the Internet
                    Archive by the University of Illinois at Urbana-Champaign.</note>
   </notesStmt>
   <sourceDesc>
    <bibl><title>Chicago Foreign Language Press Survey</title>, <date>1936-1941</date>, 
                    <sponsor>Works Projects Administration</sponsor>, 
                    <sponsor>Chicago Public Library Omnibus Project</sponsor></bibl>
    <bibl>
     <title>Chicago Foreign Language Press Survey [microform]</title>
     <sponsor>University of Illinois Urbana-Champaign</sponsor>
     <sponsor>Internet Archive</sponsor>
    </bibl>
   </sourceDesc>
  </fileDesc>
  <encodingDesc>
   <xi:include xmlns:xi="http://www.w3.org/2001/XInclude" href="../schema/flpstaxonomy.xml">
    <xi:fallback>Taxonomy file not found.</xi:fallback>
   </xi:include>
  </encodingDesc>
  <profileDesc>
   <textClass>
    <catRef target="#grp-danish"/>
    <catRef target="#grp-danish #code-II.A.3.a"/>
    <catRef target="#grp-danish #code-IV"/>
   </textClass>
  </profileDesc>
  <revisionDesc>
   
   <change when="2012-11-22">Mapped 2010 transcriptions of 5420780_2 images to 5410780_2</change>
  </revisionDesc>
 </teiHeader>
 <text>
  <front>
   <pb facs="5410780_2_0462.jpg" n="1"/>
   <div type="group">
    <list>
     <item>DANISH</item>
    </list>
   </div>
   <div type="codes">
    <list>
     <item>II A 3 a</item>
     <item>IV</item>
    </list>
   </div>
   <div type="citation">
    <bibl><title>Revyen</title>,
<date when="1918-05-25">May 25, 1918</date>.
<title level="a">LANDSCAPE ARCHITECT JENS JENSEN</title></bibl>
   </div>
  </front>
  <body>
   <p>The American-Scandinavian Review for May-June contained an article concerning our notable compatriot, Jens Jensen, who, perhaps, is the leading landscape architect of the world, and a philosopher and poet of outdoor planning, besides being an artist in his field.</p>
   <p>This is mentioned because Jens Jensens' plans always seem to harmonize with the surroundings, and give expression for excellent ideas. His fight against corrupt politics in the Park System are mentioned also.</p>
   <p>This grand, fighting Dane came from Dybbol in Schleswig thirty-six years ago, and started as an ordinary worker in the Chicago parks, and is now hailed by both American and European critics as a really great creative landscape <pb facs="5410780_2_0463.jpg" n="2"/>architect. But more than this his wonderful gardens and his contributions to this country have been revealing the individual, personal beauty of America herself, and inspiring thousands of people a hitherto unrealized appreciation and understanding of nature.</p>
  </body>
 </text>
</TEI>
