<?xml version="1.0" encoding="UTF-8"?>
<?oxygen RNGSchema="../schema/flps0.2.rnc" type="compact"?>
<TEI xmlns="http://www.tei-c.org/ns/1.0">
 <teiHeader>
  <fileDesc>
   <titleStmt>
    <title>
     <bibl><title>Revyen</title>,
<date when="1913-09-06">Sept. 6, 1913</date>.
<title level="a">The Danes Won the Cup!</title></bibl>
    </title>
   </titleStmt>
   <publicationStmt>
    <publisher>The Newberry Library</publisher>
    <pubPlace>Chicago, Illinois</pubPlace>
    <address>
     <addrLine>60 West Walton</addrLine>
     <addrLine>Chicago, IL 60610</addrLine>
     <addrLine>USA</addrLine>
     <addrLine>http://www.newberry.org</addrLine>
    </address>
    <idno>5410780_2_0739</idno>
   </publicationStmt>
   <notesStmt>
    <note>Transcribed from digital images contributed to the Internet
                    Archive by the University of Illinois at Urbana-Champaign.</note>
   </notesStmt>
   <sourceDesc>
    <bibl><title>Chicago Foreign Language Press Survey</title>, <date>1936-1941</date>, 
                    <sponsor>Works Projects Administration</sponsor>, 
                    <sponsor>Chicago Public Library Omnibus Project</sponsor></bibl>
    <bibl>
     <title>Chicago Foreign Language Press Survey [microform]</title>
     <sponsor>University of Illinois Urbana-Champaign</sponsor>
     <sponsor>Internet Archive</sponsor>
    </bibl>
   </sourceDesc>
  </fileDesc>
  <encodingDesc>
   <xi:include xmlns:xi="http://www.w3.org/2001/XInclude" href="../schema/flpstaxonomy.xml">
    <xi:fallback>Taxonomy file not found.</xi:fallback>
   </xi:include>
  </encodingDesc>
  <profileDesc>
   <textClass>
    <catRef target="#grp-danish"/>
    <catRef target="#grp-danish #code-II.B.1.a"/>
    <catRef target="#grp-danish #code-I.B.1"/>
    <catRef target="#grp-danish #code-I.F.5"/>
    <catRef target="#grp-danish #code-I.C"/>
   </textClass>
  </profileDesc>
  <revisionDesc>
   
   <change when="2012-11-22">Mapped 2010 transcriptions of 5420780_2 images to 5410780_2</change>
  </revisionDesc>
 </teiHeader>
 <text>
  <front>
   <pb facs="5410780_2_0739.jpg" n="1"/>
   <div type="group">
    <list>
     <item>DANISH</item>
    </list>
   </div>
   <div type="codes">
    <list>
     <item>II B 1 a</item>
     <item>I B 1</item>
     <item>I F 5</item>
     <item>I C</item>
    </list>
   </div>
   <div type="citation">
    <bibl><title>Revyen</title>,
<date when="1913-09-06">Sept. 6, 1913</date>.
<title level="a">THE DANES WON THE CUP!</title></bibl>
   </div>
  </front>
  <body>
   <p>The Danish Worker's Singing Society competed in a singing contest last Monday in North Chicago, in which seventeen singing societies, representing as many nationalities, participated.</p>
   <p>Among the larger societies the German Wagner took first prize and the Norwegian Bjorgvin took second prize, while among the smaller ones the Danish singers were awarded first prize, a beautiful cup.</p>
   <p>The Danes became even more popular when it was discovered that Mayor M. Christensen, of North Chicago, is a Dane. He delivered a speech in which he complimented his countrymen on their singing.</p>
   <p>North Chicago is supposedly "dry" but arrangements had been made so that the singers did not have to go thirsty, and they spent a very pleasant day in Mayor Christensen's town.</p>
  </body>
 </text>
</TEI>
