<?xml version="1.0" encoding="UTF-8"?>
<?oxygen RNGSchema="../schema/flps0.2.rnc" type="compact"?>
<TEI xmlns="http://www.tei-c.org/ns/1.0">
 <teiHeader>
  <fileDesc>
   <titleStmt>
    <title>
     <bibl><title>Revyen</title>,
<date when="1903-10-31">Oct. 31, 1903</date>.
<title level="a">[Monument to Sherman Dedicated]</title></bibl>
    </title>
   </titleStmt>
   <publicationStmt>
    <publisher>The Newberry Library</publisher>
    <pubPlace>Chicago, Illinois</pubPlace>
    <address>
     <addrLine>60 West Walton</addrLine>
     <addrLine>Chicago, IL 60610</addrLine>
     <addrLine>USA</addrLine>
     <addrLine>http://www.newberry.org</addrLine>
    </address>
    <idno>5410780_2_0603</idno>
   </publicationStmt>
   <notesStmt>
    <note>Transcribed from digital images contributed to the Internet
                    Archive by the University of Illinois at Urbana-Champaign.</note>
   </notesStmt>
   <sourceDesc>
    <bibl><title>Chicago Foreign Language Press Survey</title>, <date>1936-1941</date>, 
                    <sponsor>Works Projects Administration</sponsor>, 
                    <sponsor>Chicago Public Library Omnibus Project</sponsor></bibl>
    <bibl>
     <title>Chicago Foreign Language Press Survey [microform]</title>
     <sponsor>University of Illinois Urbana-Champaign</sponsor>
     <sponsor>Internet Archive</sponsor>
    </bibl>
   </sourceDesc>
  </fileDesc>
  <encodingDesc>
   <xi:include xmlns:xi="http://www.w3.org/2001/XInclude" href="../schema/flpstaxonomy.xml">
    <xi:fallback>Taxonomy file not found.</xi:fallback>
   </xi:include>
  </encodingDesc>
  <profileDesc>
   <textClass>
    <catRef target="#grp-danish"/>
    <catRef target="#grp-danish #code-II.A.3.c"/>
    <catRef target="#grp-danish #code-IV"/>
    <catRef target="#grp-norwegian #code-II.A.3.c"/>
    <catRef target="#grp-norwegian #code-II.A.3.c"/>
   </textClass>
  </profileDesc>
  <revisionDesc>
   
   <change when="2012-11-22">Mapped 2010 transcriptions of 5420780_2 images to 5410780_2</change>
  </revisionDesc>
 </teiHeader>
 <text>
  <front>
   <pb facs="5410780_2_0603.jpg" n="1"/>
   <div type="group">
    <list>
     <item>DANISH</item>
    </list>
   </div>
   <div type="codes">
    <list>
     <item>II A 3 c</item>
     <item>IV</item>
     <item>II A 3 c (Norwegian)</item>
     <item>IV (Norwegian)</item>
    </list>
   </div>
   <div type="citation">
    <bibl><title>Revyen</title>,
<date when="1903-10-31">Oct. 31, 1903</date>.
<title level="a">[MONUMENT TO SHERMAN DEDICATED]</title></bibl>
   </div>
  </front>
  <body>
   <p>The Sherman monument was dedicated in Washington, D. C., on October 16. Present were Mrs. Sara Rohl-Smith, widow of the Danish artist, who had done most of the work, and her nephew, Peter Ole Suhr. The statue was unveiled by a nephew of General Sherman. President Theodore Roosevelt and General Sickles spoke.</p>
   <p>After a competition in 1896, Carl Rohl-Smith of Chicago was given the commission for the monument. He was under contract with the Government and the Society of the Army of Tennessee. The monument was to be finished within four years at a cost of $90,000. In 1897 Mr. C. Rohl-Smith moved to Washington. During a visit to Denmark in 1900, he became sick and died suddenly, but his splendid wife carried on the work. The monument was finished by the Danish sculptors Lauritz Jensen and Carl J. Bonnesen of Copenhagen, and the Norwegian artist Sigvald Asbjornsen of Chicago.</p>
   <p>The family of General Sherman were greatly moved when they saw the excellent likeness of the late general.</p>
  </body>
 </text>
</TEI>
