<?xml version="1.0" encoding="UTF-8"?>
<?oxygen RNGSchema="../schema/flps0.2.rnc" type="compact"?>
<TEI xmlns="http://www.tei-c.org/ns/1.0">
 <teiHeader>
  <fileDesc>
   <titleStmt>
    <title>
     <bibl><title>Revyen</title>,
<date when="1911-11-18">Nov. 18, 1911</date>.
<title level="a">H. S Sheldon</title></bibl>
    </title>
   </titleStmt>
   <publicationStmt>
    <publisher>The Newberry Library</publisher>
    <pubPlace>Chicago, Illinois</pubPlace>
    <address>
     <addrLine>60 West Walton</addrLine>
     <addrLine>Chicago, IL 60610</addrLine>
     <addrLine>USA</addrLine>
     <addrLine>http://www.newberry.org</addrLine>
    </address>
    <idno>5410780_2_0633</idno>
   </publicationStmt>
   <notesStmt>
    <note>Transcribed from digital images contributed to the Internet
                    Archive by the University of Illinois at Urbana-Champaign.</note>
   </notesStmt>
   <sourceDesc>
    <bibl><title>Chicago Foreign Language Press Survey</title>, <date>1936-1941</date>, 
                    <sponsor>Works Projects Administration</sponsor>, 
                    <sponsor>Chicago Public Library Omnibus Project</sponsor></bibl>
    <bibl>
     <title>Chicago Foreign Language Press Survey [microform]</title>
     <sponsor>University of Illinois Urbana-Champaign</sponsor>
     <sponsor>Internet Archive</sponsor>
    </bibl>
   </sourceDesc>
  </fileDesc>
  <encodingDesc>
   <xi:include xmlns:xi="http://www.w3.org/2001/XInclude" href="../schema/flpstaxonomy.xml">
    <xi:fallback>Taxonomy file not found.</xi:fallback>
   </xi:include>
  </encodingDesc>
  <profileDesc>
   <textClass>
    <catRef target="#grp-danish"/>
    <catRef target="#grp-danish #code-II.A.3.d.1"/>
    <catRef target="#grp-danish #code-IV"/>
   </textClass>
  </profileDesc>
  <revisionDesc>
   
   <change when="2012-11-22">Mapped 2010 transcriptions of 5420780_2 images to 5410780_2</change>
  </revisionDesc>
 </teiHeader>
 <text>
  <front>
   <pb facs="5410780_2_0633.jpg" n="1"/>
   <div type="group">
    <list>
     <item>DANISH</item>
    </list>
   </div>
   <div type="codes">
    <list>
     <item>II A 3 d (1)</item>
     <item>IV</item>
    </list>
   </div>
   <div type="citation">
    <bibl><title>Revyen</title>,
<date when="1911-11-18">Nov. 18, 1911</date>.
<title level="a">H. S SHELDON</title></bibl>
   </div>
  </front>
  <body>
   <p>"The Havoc," the play which has had such phenomenal success on the American stage, and which was written by the young Danish-American, H. S. Sheldon, will be presented for the first time in Chicago, tomorrow, at the Illinois Theatre. The play, which was reviewed in Revyen some time ago, is a marital drama, depicting a matrimonial triangle, analyzed and dramatized with such excellent pertinence and technique that the young author has been placed, by some critics, on a level with George Bernard Shaw and Henrik Ibsen.</p>
   <p>The success enjoyed by "The Havoc" is partly due to the fact that Henry Miller, one of the outstanding dramatic-realistic actors of the American theatre, is playing the leading role, which is so well suited to his particular talent.</p>
   <pb facs="5410780_2_0634.jpg" n="2"/>
   <p>One critic has described the play as " a most diabolically clever and puzzling play, most diabolically well acted."</p>
   <p>Its presentation will be of particular interest to Chicago, where Mr. Sheldon has his home, and, undoubtedly, many Danes will take the opportunity to visit the Illinois Theatre during the next two weeks.</p>
  </body>
 </text>
</TEI>
