<?xml version="1.0" encoding="UTF-8"?>
<?oxygen RNGSchema="../schema/flps0.2.rnc" type="compact"?>
<TEI xmlns="http://www.tei-c.org/ns/1.0">
 <teiHeader>
  <fileDesc>
   <titleStmt>
    <title>
     <bibl><title>Revyen</title>,
<date when="1913-01-11">Jan. 11, 1913</date>.
<title level="a">Scandinavian Grand Opera Concert</title></bibl>
    </title>
   </titleStmt>
   <publicationStmt>
    <publisher>The Newberry Library</publisher>
    <pubPlace>Chicago, Illinois</pubPlace>
    <address>
     <addrLine>60 West Walton</addrLine>
     <addrLine>Chicago, IL 60610</addrLine>
     <addrLine>USA</addrLine>
     <addrLine>http://www.newberry.org</addrLine>
    </address>
    <idno>5410780_2_0516</idno>
   </publicationStmt>
   <notesStmt>
    <note>Transcribed from digital images contributed to the Internet
                    Archive by the University of Illinois at Urbana-Champaign.</note>
   </notesStmt>
   <sourceDesc>
    <bibl><title>Chicago Foreign Language Press Survey</title>, <date>1936-1941</date>, 
                    <sponsor>Works Projects Administration</sponsor>, 
                    <sponsor>Chicago Public Library Omnibus Project</sponsor></bibl>
    <bibl>
     <title>Chicago Foreign Language Press Survey [microform]</title>
     <sponsor>University of Illinois Urbana-Champaign</sponsor>
     <sponsor>Internet Archive</sponsor>
    </bibl>
   </sourceDesc>
  </fileDesc>
  <encodingDesc>
   <xi:include xmlns:xi="http://www.w3.org/2001/XInclude" href="../schema/flpstaxonomy.xml">
    <xi:fallback>Taxonomy file not found.</xi:fallback>
   </xi:include>
  </encodingDesc>
  <profileDesc>
   <textClass>
    <catRef target="#grp-danish"/>
    <catRef target="#grp-danish #code-II.A.3.b"/>
    <catRef target="#grp-norwegian #code-II.A.3.b"/>
    <catRef target="#grp-swedish #code-II.A.3.b"/>
   </textClass>
  </profileDesc>
  <revisionDesc>
   
   <change when="2012-11-22">Mapped 2010 transcriptions of 5420780_2 images to 5410780_2</change>
  </revisionDesc>
 </teiHeader>
 <text>
  <front>
   <pb facs="5410780_2_0516.jpg" n="1"/>
   <div type="group">
    <list>
     <item>DANISH</item>
    </list>
   </div>
   <div type="codes">
    <list>
     <item>II A 3 b</item>
     <item>II A 3 b (Norwegian)</item>
     <item>II A 3 b (Swedish)</item>
    </list>
   </div>
   <div type="citation">
    <bibl><title>Revyen</title>,
<date when="1913-01-11">Jan. 11, 1913</date>.
<title level="a">SCANDINAVIAN GRAND OPERA CONCERT</title></bibl>
   </div>
  </front>
  <body>
   <p>As a part of its program of presenting the world's greatest usical works, executed by its finest operatic talent, the Grand Opera Company will give a special Scandinavian concert to-morrow at 3 P.M. in the Auditorium Theatre.</p>
   <p>The soloists are the Swedish Prima Donna Mme. Julia Claussen, Rudolph Ganz, the pianist, and Joel Mosberg, the baritone. The local Swedish singing societies,with a selected choir of one hundred voices, and the Grand Opera orchestra will assist.</p>
   <p>The program consists exclusively of Scandinavian music; Cade, Grieg, Svendsen, Bellman, Lindblad, and others, and the concluding number will be Land-Kjending (Sighting Land), in which the entire ensemble, choir, <pb facs="5410780_2_0517.jpg" n="2"/>soloists, and orchestra, will participate.</p>
   <p>Such a choice selection of Scandinavian music, interpreted by such outstanding dramatic and musical talent, has never before been offered in Chicago.</p>
  </body>
 </text>
</TEI>
